<?xml version="1.0" encoding="UTF-8"?>

<window type="dialog" id="60">

	<zorder>100</zorder>
	
	<onload>AlarmClock(CloseSplash,Dialog.Close(60, force),00:01,silent)</onload>
	
	<controls>
	
		<control type="image">
					
			<include>Dimensions_Fullscreen</include>
			<texture background="true">backgrounds/background.png</texture>
			
		</control>
		
		<control type="group">
		
			<include>Window_Transition</include>
	
			<control type="image">
					
				<include>Dimensions_Fullscreen</include>
				<texture>backgrounds/BG_White.png</texture>
				<colordiffuse>Accent</colordiffuse>
			
			</control>
				
		</control>	
	
	</controls>

</window>