﻿<?xml version="1.0" encoding="utf-8"?>
<window type="dialog" id="61">
    <defaultcontrol always="true">100</defaultcontrol>
    <coordinates>
        <system>1</system>
    </coordinates>
	
    <controls>
		<include>GlobalOverlay</include>
	<control type="group">
		<posx>375</posx>
        <posy>25</posy>
        <control type="image">
            <width>550</width>
            <height>670</height>
			<include>dialogWindow</include>
			<aspectratio>stretch</aspectratio>
        </control>
        <control type="label">
			<posx>10</posx>
            <label>$LOCALIZE[31031]</label>
            <width>530</width>
            <include>dialog_Windowtitle</include>
        </control>
        <control type="group">
            <posx>15</posx>
            <posy>60</posy>

        <!-- button area -->
            <control type="grouplist" id="100">
                <width>150</width>
                <height>605</height>
                <itemgap>2</itemgap>
                <onleft>12</onleft>
                <onright>200</onright>
                <onup>100</onup>
                <ondown>100</ondown>
                <scrolltime tween="Cubic" easing="Out">200</scrolltime>
                <control type="button" id="101">
                    <width>145</width>
                    <label>$LOCALIZE[3]</label>
                    <onfocus>Skin.SetString(Sub,Video)</onfocus>
                    <selectedcolor>Selected</selectedcolor>
                    <include>dialog_Button-list</include>
                </control>
                 <control type="button" id="113">
                    <width>145</width>
                    <label>video addons</label>
                    <onfocus>Skin.SetString(Sub,VideoAddons)</onfocus>
                    <selectedcolor>Selected</selectedcolor>
                    <include>dialog_Button-list</include>
                </control>
				<control type="button" id="102">
                    <width>145</width>
                    <label>$LOCALIZE[342]</label>
                    <onfocus>Skin.SetString(Sub,Movies)</onfocus>
                    <include>dialog_Button-list</include>
                </control>
                <control type="button" id="103">
                    <width>145</width>
                    <label>$LOCALIZE[20343]</label>
                    <onfocus>Skin.SetString(Sub,Shows)</onfocus>
                    <include>dialog_Button-list</include>
                </control>
                <control type="button" id="104">
                    <width>145</width>
                    <label>$LOCALIZE[31090]</label>
                    <onfocus>Skin.SetString(Sub,TV)</onfocus>
                    <include>dialog_Button-list</include>
                    <visible>System.GetBool(pvrmanager.enabled)</visible>
                </control>
                <control type="button" id="105">
                    <width>145</width>
                    <label>$LOCALIZE[2]</label>
                    <onfocus>Skin.SetString(Sub,Music)</onfocus>
                    <include>dialog_Button-list</include>
                </control>
                <control type="button" id="106">
                    <width>145</width>
                    <label>$LOCALIZE[1]</label>
                    <onfocus>Skin.SetString(Sub,Pictures)</onfocus>
                    <include>dialog_Button-list</include>
                </control>
                <control type="button" id="107">
                    <width>145</width>
                    <label>$LOCALIZE[24001]</label>
                    <onfocus>Skin.SetString(Sub,Addons)</onfocus>
                    <include>dialog_Button-list</include>
                </control>
                <control type="button" id="108">
                    <width>145</width>
                    <label>$LOCALIZE[5]</label>
                    <onfocus>Skin.SetString(Sub,System)</onfocus>
                    <include>dialog_Button-list</include>
                </control>
                <control type="button" id="109">
                    <width>145</width>
                    <label>$LOCALIZE[1036]</label>
                    <onfocus>Skin.SetString(Sub,Favourites)</onfocus>
                    <include>dialog_Button-list</include>
                </control>
                <control type="button" id="110">
                    <width>145</width>
                    <label>$LOCALIZE[31955]</label>
                    <onfocus>Skin.SetString(Sub,Disc)</onfocus>
                    <include>dialog_Button-list</include>
                </control>
                <control type="button" id="111">
                    <width>145</width>
                    <label>$LOCALIZE[31947]</label>
                    <onfocus>Skin.SetString(Sub,Playing)</onfocus>
                    <include>dialog_Button-list</include>
                </control>
                <control type="button" id="112">
                    <width>145</width>
                    <label>$LOCALIZE[400]</label>
                    <onfocus>Skin.SetString(Sub,Weather)</onfocus>
                    <include>dialog_Button-list</include>
                </control>
            </control>
        <!-- control area -->
            <control type="group">
				<posx>150</posx>
				<posy>-</posy>
                <!-- video submenu -->
                <control type="grouplist" id="200">
                    <width>371</width>
                    <height>505</height>
                    <onleft>100</onleft>
                    <onright>10</onright>
                    <onup>200</onup>
                    <ondown>200</ondown>
                    <itemgap>2</itemgap>
                    <visible>Skin.String(Sub,Video)</visible>
                    <scrolltime tween="Cubic" easing="Out">200</scrolltime>
                    <!-- main menu -->
                    <control type="radiobutton" id="201">
                        <label>$LOCALIZE[31938]</label>
                        <width>371</width>
                        <onclick>Skin.ToggleSetting(homemenu.videos)</onclick>
                        <selected>!Skin.HasSetting(homemenu.videos)</selected>
                        <include>dialog_Radio</include>
                    </control>
                    <!-- playlists -->
                    <control type="radiobutton" id="203">
                        <label>$LOCALIZE[136]</label>
                        <width>371</width>
                        <onfocus>Control.Message(1,click,0)</onfocus>
                        <onclick>Skin.ToggleSetting(videomenu.videoplaylists)</onclick>
                        <selected>!Skin.HasSetting(videomenu.videoplaylists)</selected>
                        <include>dialog_Radio</include>
                        <enable>!Skin.HasSetting(homemenu.videos)</enable>
                    </control>
                    <!-- video addons -->
                    <control type="radiobutton" id="204">
                        <label>$LOCALIZE[24001]</label>
                        <width>371</width>
                        <onclick>Skin.ToggleSetting(videomenu.addons)</onclick>
                        <selected>!Skin.HasSetting(videomenu.addons)</selected>
                        <include>dialog_Radio</include>
                        <enable>!Skin.HasSetting(homemenu.videos)</enable>
                    </control>
                    <!-- Update Library -->
                    <control type="radiobutton" id="224">
                        <label>Update Library</label>
                        <width>371</width>
                        <onfocus>Control.Message(1,click,0)</onfocus>
                        <onclick>Skin.ToggleSetting(videomenu.updatelibrary)</onclick>
                        <selected>!Skin.HasSetting(videomenu.updatelibrary)</selected>
                        <include>dialog_Radio</include>
                        <enable>!Skin.HasSetting(homemenu.videos)</enable>
                    </control>
                    <!-- Clean Library -->
                    <control type="radiobutton" id="225">
                        <label>Clean Library</label>
                        <width>371</width>
                        <onfocus>Control.Message(1,click,0)</onfocus>
                        <onclick>Skin.ToggleSetting(videomenu.cleanlibrary)</onclick>
                        <selected>!Skin.HasSetting(videomenu.cleanlibrary)</selected>
                        <include>dialog_Radio</include>
                        <enable>!Skin.HasSetting(homemenu.videos)</enable>
                    </control>
                    <!-- playlist 1 -->
                    <control type="button" id="210">
                        <width>371</width>
                        <label>$LOCALIZE[31033] 1</label>
                        <label2>[I]$INFO[Skin.String(videomenu.playlist1.label)][/I]</label2>
                        <onclick>Skin.Reset(videomenu.playlist1)</onclick>
                        <onclick>Skin.Reset(videomenu.playlist1.path)</onclick>
                        <onclick>Skin.Reset(videomenu.playlist1.label)</onclick>
                        <onclick>Skin.SetFile(videomenu.playlist1.path,.xsp,special://profile/playlists/video/)</onclick>
                        <onclick>Skin.SetString(videomenu.playlist1.label)</onclick>
                        <include>dialog_Radio</include>
                        <enable>!Skin.HasSetting(homemenu.videos)</enable>
                    </control>
                    <!-- playlist 2 -->
                    <control type="button" id="211">
                        <width>371</width>
                        <label>$LOCALIZE[31033] 2</label>
                        <label2>[I]$INFO[Skin.String(videomenu.playlist2.label)][/I]</label2>
                        <onclick>Skin.Reset(videomenu.playlist2)</onclick>
                        <onclick>Skin.Reset(videomenu.playlist2.path)</onclick>
                        <onclick>Skin.Reset(videomenu.playlist2.label)</onclick>
                        <onclick>Skin.SetFile(videomenu.playlist2.path,.xsp,special://profile/playlists/video/)</onclick>
                        <onclick>Skin.SetString(videomenu.playlist2.label)</onclick>
                        <include>dialog_Radio</include>
                        <enable>!Skin.HasSetting(homemenu.videos)</enable>
                    </control>
                    <!-- playlist 3 -->
                    <control type="button" id="212">
                        <width>371</width>
                        <label>$LOCALIZE[31033] 3</label>
                        <label2>[I]$INFO[Skin.String(videomenu.playlist3.label)][/I]</label2>
                        <onclick>Skin.Reset(videomenu.playlist3)</onclick>
                        <onclick>Skin.Reset(videomenu.playlist3.path)</onclick>
                        <onclick>Skin.Reset(videomenu.playlist3.label)</onclick>
                        <onclick>Skin.SetFile(videomenu.playlist3.path,.xsp,special://profile/playlists/video/)</onclick>
                        <onclick>Skin.SetString(videomenu.playlist3.label)</onclick>
                        <include>dialog_Radio</include>
                        <enable>!Skin.HasSetting(homemenu.videos)</enable>
                    </control>
                    <!-- playlist 4 -->
                    <control type="button" id="213">
                        <width>371</width>
                        <label>$LOCALIZE[31033] 4</label>
                        <label2>[I]$INFO[Skin.String(videomenu.playlist4.label)][/I]</label2>
                        <onclick>Skin.Reset(videomenu.playlist4)</onclick>
                        <onclick>Skin.Reset(videomenu.playlist4.path)</onclick>
                        <onclick>Skin.Reset(videomenu.playlist4.label)</onclick>
                        <onclick>Skin.SetFile(videomenu.playlist4.path,.xsp,special://profile/playlists/video/)</onclick>
                        <onclick>Skin.SetString(videomenu.playlist4.label)</onclick>
                        <include>dialog_Radio</include>
                        <enable>!Skin.HasSetting(homemenu.videos)</enable>
                    </control>
                    <!-- folder 1 -->
                    <control type="button" id="220">
                        <width>371</width>
                        <label>$LOCALIZE[31024] 1</label>
                        <label2>[I]$INFO[Skin.String(videomenu.folder1.label)][/I]</label2>
                        <onclick>Skin.Reset(videomenu.folder1)</onclick>
                        <onclick>Skin.Reset(videomenu.folder1.path)</onclick>
                        <onclick>Skin.Reset(videomenu.folder1.label)</onclick>
                        <onclick>Skin.SetPath(videomenu.folder1.path)</onclick>
                        <onclick>Skin.SetString(videomenu.folder1.label)</onclick>
                        <include>dialog_Radio</include>
                        <enable>!Skin.HasSetting(homemenu.videos)</enable>
                    </control>
                    <!-- folder 2 -->
                    <control type="button" id="221">
                        <width>371</width>
                        <label>$LOCALIZE[31024] 2</label>
                        <label2>[I]$INFO[Skin.String(videomenu.folder2.label)][/I]</label2>
                        <onclick>Skin.Reset(videomenu.folder2)</onclick>
                        <onclick>Skin.Reset(videomenu.folder2.path)</onclick>
                        <onclick>Skin.Reset(videomenu.folder2.label)</onclick>
                        <onclick>Skin.SetPath(videomenu.folder2.path)</onclick>
                        <onclick>Skin.SetString(videomenu.folder2.label)</onclick>
                        <include>dialog_Radio</include>
                        <enable>!Skin.HasSetting(homemenu.videos)</enable>
                    </control>
                    <!-- folder 3 -->
                    <control type="button" id="222">
                        <width>371</width>
                        <label>$LOCALIZE[31024] 3</label>
                        <label2>[I]$INFO[Skin.String(videomenu.folder3.label)][/I]</label2>
                        <onclick>Skin.Reset(videomenu.folder3)</onclick>
                        <onclick>Skin.Reset(videomenu.folder3.path)</onclick>
                        <onclick>Skin.Reset(videomenu.folder3.label)</onclick>
                        <onclick>Skin.SetPath(videomenu.folder3.path)</onclick>
                        <onclick>Skin.SetString(videomenu.folder3.label)</onclick>
                        <include>dialog_Radio</include>
                        <enable>!Skin.HasSetting(homemenu.videos)</enable>
                    </control>
                    <!-- folder 4 -->
                    <control type="button" id="223">
                        <width>371</width>
                        <label>$LOCALIZE[31024] 4</label>
                        <label2>[I]$INFO[Skin.String(videomenu.folder4.label)][/I]</label2>
                        <onclick>Skin.Reset(videomenu.folder4)</onclick>
                        <onclick>Skin.Reset(videomenu.folder4.path)</onclick>
                        <onclick>Skin.Reset(videomenu.folder4.label)</onclick>
                        <onclick>Skin.SetPath(videomenu.folder4.path)</onclick>
                        <onclick>Skin.SetString(videomenu.folder4.label)</onclick>
                        <include>dialog_Radio</include>
                        <enable>!Skin.HasSetting(homemenu.videos)</enable>
                    </control>
                </control>
				<!-- video addons shortcuts --> 
                <control type="grouplist" id="200">
                    <width>371</width>
                    <height>505</height>
                    <onleft>100</onleft>
                    <onright>10</onright>
                    <onup>200</onup>
                    <ondown>200</ondown>
                    <itemgap>2</itemgap>
                    <visible>Skin.String(Sub,VideoAddons)</visible>
                    <scrolltime tween="Cubic" easing="Out">200</scrolltime>
				<control type="button" id="201">
					<width>371</width>
					<label>$LOCALIZE[24000] [B]1[/B]</label>
					<label2>[COLOR=Title]$INFO[system.addontitle(Skin.String(HomeVideosButton1))][/COLOR]</label2>
					<onclick>Skin.SetAddon(HomeVideosButton1,xbmc.addon.video)</onclick>
					<include>dialog_Radio</include>
				</control>
				<control type="button" id="202">
					<width>371</width>
					<label>$LOCALIZE[24000] [B]2[/B]</label>
					<label2>[COLOR=Title]$INFO[system.addontitle(Skin.String(HomeVideosButton2))][/COLOR]</label2>
					<onclick>Skin.SetAddon(HomeVideosButton2,xbmc.addon.video)</onclick>
					<include>dialog_Radio</include>
				</control>
				<control type="button" id="203">
					<width>371</width>
					<label>$LOCALIZE[24000] [B]3[/B]</label>
					<label2>[COLOR=Title]$INFO[system.addontitle(Skin.String(HomeVideosButton3))][/COLOR]</label2>
					<onclick>Skin.SetAddon(HomeVideosButton3,xbmc.addon.video)</onclick>
					<include>dialog_Radio</include>
				</control>
				<control type="button" id="204">
					<width>371</width>
					<label>$LOCALIZE[24000] [B]4[/B]</label>
					<label2>[COLOR=Title]$INFO[system.addontitle(Skin.String(HomeVideosButton4))][/COLOR]</label2>
					<onclick>Skin.SetAddon(HomeVideosButton4,xbmc.addon.video)</onclick>
					<include>dialog_Radio</include>
				</control>
				<control type="button" id="205">
					<width>371</width>
					<label>$LOCALIZE[24000] [B]5[/B]</label>
					<label2>[COLOR=Title]$INFO[system.addontitle(Skin.String(HomeVideosButton5))][/COLOR]</label2>
					<onclick>Skin.SetAddon(HomeVideosButton5,xbmc.addon.video)</onclick>
					<include>dialog_Radio</include>
				</control>
				<control type="button" id="206">
					<width>371</width>
					<label>$LOCALIZE[24000] [B]3[/B]</label>
					<label2>[COLOR=Title]$INFO[system.addontitle(Skin.String(HomeVideosButton6))][/COLOR]</label2>
					<onclick>Skin.SetAddon(HomeVideosButton3,xbmc.addon.video)</onclick>
					<include>dialog_Radio</include>
				</control>
				<control type="button" id="207">
					<width>371</width>
					<label>$LOCALIZE[24000] [B]4[/B]</label>
					<label2>[COLOR=Title]$INFO[system.addontitle(Skin.String(HomeVideosButton7))][/COLOR]</label2>
					<onclick>Skin.SetAddon(HomeVideosButton4,xbmc.addon.video)</onclick>
					<include>dialog_Radio</include>
				</control>
				<control type="button" id="208">
					<width>371</width>
					<label>$LOCALIZE[24000] [B]5[/B]</label>
					<label2>[COLOR=Title]$INFO[system.addontitle(Skin.String(HomeVideosButton8))][/COLOR]</label2>
					<onclick>Skin.SetAddon(HomeVideosButton5,xbmc.addon.video)</onclick>
					<include>dialog_Radio</include>
				</control>
                </control>
                <!-- movies submenu -->
                <control type="grouplist" id="200">
                    <width>371</width>
                    <height>505</height>
                    <onleft>100</onleft>
                    <onright>10</onright>
                    <onup>200</onup>
                    <ondown>200</ondown>
                    <itemgap>2</itemgap>
                    <visible>Skin.String(Sub,Movies)</visible>
                    <!-- main menu -->
                    <control type="radiobutton" id="201">
                        <label>$LOCALIZE[31938]</label>
                        <width>371</width>
                        <onclick>Skin.ToggleSetting(homemenu.movies)</onclick>
                        <selected>!Skin.HasSetting(homemenu.movies)</selected>
                        <include>dialog_Radio</include>
                    </control>
                    <!-- recent movies -->
                    <control type="radiobutton" id="204">
                        <label>$LOCALIZE[31095]</label>
                        <width>371</width>
                        <onclick>Skin.ToggleSetting(moviesmenu.recent)</onclick>
                        <selected>Skin.HasSetting(moviesmenu.recent)</selected>
                        <include>dialog_Radio</include>
                    </control>
                    <!-- movies in progress -->
                    <control type="radiobutton" id="206">
                        <label>$LOCALIZE[575]</label>
                        <width>371</width>
                        <onclick>Skin.ToggleSetting(moviesmenu.inprogress)</onclick>
                        <selected>Skin.HasSetting(moviesmenu.inprogress)</selected>
                        <include>dialog_Radio</include>
                    </control>
                    <!-- genres -->
                    <control type="radiobutton" id="208">
                        <label>$LOCALIZE[135]</label>
                        <width>371</width>
                        <onclick>Skin.ToggleSetting(moviesmenu.genres)</onclick>
                        <selected>Skin.HasSetting(moviesmenu.genres)</selected>
                        <include>dialog_Radio</include>
                    </control>
                    <!-- years -->
                    <control type="radiobutton" id="209">
                        <label>$LOCALIZE[652]</label>
                        <width>371</width>
                        <onclick>Skin.ToggleSetting(moviesmenu.years)</onclick>
                        <selected>Skin.HasSetting(moviesmenu.years)</selected>
                        <include>dialog_Radio</include>
                    </control>
                    <!-- actors -->
                    <control type="radiobutton" id="210">
                        <label>$LOCALIZE[344]</label>
                        <width>371</width>
                        <onclick>Skin.ToggleSetting(moviesmenu.actors)</onclick>
                        <selected>Skin.HasSetting(moviesmenu.actors)</selected>
                        <include>dialog_Radio</include>
                    </control>
                </control>
                <!-- tv shows submenu -->
                <control type="grouplist" id="200">
                    <width>371</width>
                    <height>505</height>
                    <onleft>100</onleft>
                    <onright>10</onright>
                    <onup>200</onup>
                    <ondown>200</ondown>
                    <itemgap>2</itemgap>
                    <visible>Skin.String(Sub,Shows)</visible>
                    <!-- main menu -->
                    <control type="radiobutton" id="201">
                        <label>$LOCALIZE[31938]</label>
                        <width>371</width>
                        <onclick>Skin.ToggleSetting(homemenu.tvshows)</onclick>
                        <selected>!Skin.HasSetting(homemenu.tvshows)</selected>
                        <include>dialog_Radio</include>
                    </control>
                    <!-- recent episodes -->
                    <control type="radiobutton" id="204">
                        <label>$LOCALIZE[31094]</label>
                        <width>371</width>
                        <onclick>Skin.ToggleSetting(tvshowsmenu.recent)</onclick>
                        <selected>Skin.HasSetting(tvshowsmenu.recent)</selected>
                        <include>dialog_Radio</include>
                    </control>
                    <!-- episodes in progress -->
                    <control type="radiobutton" id="206">
                        <label>$LOCALIZE[575]</label>
                        <width>371</width>
                        <onclick>Skin.ToggleSetting(tvshowsmenu.inprogress)</onclick>
                        <selected>Skin.HasSetting(tvshowsmenu.inprogress)</selected>
                        <include>dialog_Radio</include>
                    </control>
                    <!-- genres -->
                    <control type="radiobutton" id="207">
                        <label>$LOCALIZE[135]</label>
                        <width>371</width>
                        <onclick>Skin.ToggleSetting(tvshowsmenu.genres)</onclick>
                        <selected>Skin.HasSetting(tvshowsmenu.genres)</selected>
                        <include>dialog_Radio</include>
                    </control>
                    <!-- years -->
                    <control type="radiobutton" id="208">
                        <label>$LOCALIZE[652]</label>
                        <width>371</width>
                        <onclick>Skin.ToggleSetting(tvshowsmenu.years)</onclick>
                        <selected>Skin.HasSetting(tvshowsmenu.years)</selected>
                        <include>dialog_Radio</include>
                    </control>
                    <!-- actors -->
                    <control type="radiobutton" id="209">
                        <label>$LOCALIZE[344]</label>
                        <width>371</width>
                        <onclick>Skin.ToggleSetting(tvshowsmenu.actors)</onclick>
                        <selected>Skin.HasSetting(tvshowsmenu.actors)</selected>
                        <include>dialog_Radio</include>
                    </control>
                    <!-- tv guide -->
                    <control type="radiobutton" id="210">
                        <label>$LOCALIZE[31070]</label>
                        <width>371</width>
                        <onclick>Skin.ToggleSetting(tvshowsmenu.guide)</onclick>
                        <selected>Skin.HasSetting(tvshowsmenu.guide)</selected>
                        <include>dialog_Radio</include>
                    </control>
                </control>
                <!-- livetv submenu -->
                <control type="grouplist" id="200">
                    <width>371</width>
                    <height>505</height>
                    <onleft>100</onleft>
                    <onright>10</onright>
                    <onup>200</onup>
                    <ondown>200</ondown>
                    <itemgap>2</itemgap>
                    <visible>System.GetBool(pvrmanager.enabled) + Skin.String(Sub,TV)</visible>
                    <!-- main menu -->
                    <control type="radiobutton" id="201">
                        <label>$LOCALIZE[31938]</label>
                        <width>371</width>
                        <onclick>Skin.ToggleSetting(homemenu.livetv)</onclick>
                        <selected>!Skin.HasSetting(homemenu.livetv)</selected>
                        <include>dialog_Radio</include>
                    </control>
                    <!-- channels -->
                    <control type="radiobutton" id="203">
                        <label>$LOCALIZE[19019]</label>
                        <width>371</width>
                        <onclick>Skin.ToggleSetting(tvmenu.channels)</onclick>
                        <selected>Skin.HasSetting(tvmenu.channels)</selected>
                        <include>dialog_Radio</include>
                        <enable>!Skin.HasSetting(homemenu.livetv)</enable>
                    </control>
                    <!-- guide -->
                    <control type="radiobutton" id="204">
                        <label>$LOCALIZE[31987]</label>
                        <width>371</width>
                        <onclick>Skin.ToggleSetting(tvmenu.guide)</onclick>
                        <selected>Skin.HasSetting(tvmenu.guide)</selected>
                        <include>dialog_Radio</include>
                        <enable>!Skin.HasSetting(homemenu.livetv)</enable>
                    </control>
                    <!-- recordings -->
                    <control type="radiobutton" id="205">
                        <label>$LOCALIZE[19163]</label>
                        <width>371</width>
                        <onclick>Skin.ToggleSetting(tvmenu.recordings)</onclick>
                        <selected>Skin.HasSetting(tvmenu.recordings)</selected>
                        <include>dialog_Radio</include>
                        <enable>!Skin.HasSetting(homemenu.livetv)</enable>
                    </control>
                    <!-- timers -->
                    <control type="radiobutton" id="206">
                        <label>$LOCALIZE[31085]</label>
                        <width>371</width>
                        <onclick>Skin.ToggleSetting(tvmenu.timers)</onclick>
                        <selected>Skin.HasSetting(tvmenu.timers)</selected>
                        <include>dialog_Radio</include>
                        <enable>!Skin.HasSetting(homemenu.livetv)</enable>
                    </control>
                </control>
                <!-- music submenu -->
                <control type="grouplist" id="200">
                    <width>371</width>
                    <height>505</height>
                    <onleft>100</onleft>
                    <onright>10</onright>
                    <onup>200</onup>
                    <ondown>200</ondown>
                    <itemgap>2</itemgap>
                    <visible>Skin.String(Sub,Music)</visible>
                    <!-- main menu -->
                    <control type="radiobutton" id="201">
                        <label>$LOCALIZE[31938]</label>
                        <width>371</width>
                        <onclick>Skin.ToggleSetting(homemenu.music)</onclick>
                        <selected>!Skin.HasSetting(homemenu.music)</selected>
                        <include>dialog_Radio</include>
                    </control>
                    <!-- recently added albums -->
                    <control type="radiobutton" id="203">
                        <label>$LOCALIZE[31096]</label>
                        <width>371</width>
                        <onclick>Skin.ToggleSetting(musicmenu.recent)</onclick>
                        <selected>Skin.HasSetting(musicmenu.recent)</selected>
                        <include>dialog_Radio</include>
                        <enable>!Skin.HasSetting(homemenu.music)</enable>
                    </control>
                    <!-- recent played albums -->
                    <control type="radiobutton" id="204">
                        <label>$LOCALIZE[517]</label>
                        <width>371</width>
                        <onclick>Skin.ToggleSetting(musicmenu.played)</onclick>
                        <selected>Skin.HasSetting(musicmenu.played)</selected>
                        <include>dialog_Radio</include>
                        <enable>!Skin.HasSetting(homemenu.music)</enable>
                    </control>
                    <!-- artists -->
                    <control type="radiobutton" id="205">
                        <label>$LOCALIZE[133]</label>
                        <width>371</width>
                        <onclick>Skin.ToggleSetting(musicmenu.artists)</onclick>
                        <selected>Skin.HasSetting(musicmenu.artists)</selected>
                        <include>dialog_Radio</include>
                        <enable>!Skin.HasSetting(homemenu.music)</enable>
                    </control>
                    <!-- genres -->
                    <control type="radiobutton" id="206">
                        <label>$LOCALIZE[135]</label>
                        <width>371</width>
                        <onclick>Skin.ToggleSetting(musicmenu.genres)</onclick>
                        <selected>Skin.HasSetting(musicmenu.genres)</selected>
                        <include>dialog_Radio</include>
                        <enable>!Skin.HasSetting(homemenu.music)</enable>
                    </control>
                    <!-- music addons -->
                    <control type="radiobutton" id="207">
                        <label>$LOCALIZE[24001]</label>
                        <width>371</width>
                        <onclick>Skin.ToggleSetting(musicmenu.addons)</onclick>
                        <selected>Skin.HasSetting(musicmenu.addons)</selected>
                        <include>dialog_Radio</include>
                        <enable>!Skin.HasSetting(homemenu.music)</enable>
                    </control>
                    <!-- music playlists -->
                    <control type="radiobutton" id="208">
                        <label>$LOCALIZE[136]</label>
                        <width>371</width>
                        <onclick>Skin.ToggleSetting(musicmenu.playlists)</onclick>
                        <selected>Skin.HasSetting(musicmenu.playlists)</selected>
                        <include>dialog_Radio</include>
                        <enable>!Skin.HasSetting(homemenu.music)</enable>
                    </control>
                    <!-- partymode -->
                    <control type="radiobutton" id="209">
                        <label>$LOCALIZE[589]</label>
                        <width>371</width>
                        <onclick>Skin.ToggleSetting(musicmenu.partymode)</onclick>
                        <selected>Skin.HasSetting(musicmenu.partymode)</selected>
                        <include>dialog_Radio</include>
                        <enable>!Skin.HasSetting(homemenu.music)</enable>
                    </control>
                    <!-- lastfm -->
                    <control type="radiobutton" id="210">
                        <label>$LOCALIZE[15200]</label>
                        <width>371</width>
                        <onclick>Skin.ToggleSetting(musicmenu.lastfm)</onclick>
                        <selected>Skin.HasSetting(musicmenu.lastfm)</selected>
                        <include>dialog_Radio</include>
                        <enable>!Skin.HasSetting(homemenu.music)</enable>
                    </control>
                    <!-- music videos -->
                    <control type="radiobutton" id="211">
                        <label>$LOCALIZE[20389]</label>
                        <width>371</width>
                        <onclick>Skin.ToggleSetting(musicmenu.videos)</onclick>
                        <selected>Skin.HasSetting(musicmenu.videos)</selected>
                        <include>dialog_Radio</include>
                        <enable>!Skin.HasSetting(homemenu.music)</enable>
                    </control>
                    <!-- Update Library -->
                    <control type="radiobutton" id="212">
                        <label>Update Library</label>
                        <width>371</width>
                        <onfocus>Control.Message(1,click,0)</onfocus>
                        <onclick>Skin.ToggleSetting(musicmenu.updatelibrary)</onclick>
                        <selected>!Skin.HasSetting(musicmenu.updatelibrary)</selected>
                        <include>dialog_Radio</include>
                        <enable>!Skin.HasSetting(homemenu.music)</enable>
                    </control>
                    <!-- Clean Library -->
                    <control type="radiobutton" id="213">
                        <label>Clean Library</label>
                        <width>371</width>
                        <onfocus>Control.Message(1,click,0)</onfocus>
                        <onclick>Skin.ToggleSetting(musicmenu.cleanlibrary)</onclick>
                        <selected>!Skin.HasSetting(musicmenu.cleanlibrary)</selected>
                        <include>dialog_Radio</include>
                        <enable>!Skin.HasSetting(homemenu.music)</enable>
                    </control>
                </control>
                <!-- pictures submenu -->
                <control type="grouplist" id="200">
                    <width>371</width>
                    <height>505</height>
                    <onleft>100</onleft>
                    <onright>10</onright>
                    <onup>200</onup>
                    <ondown>200</ondown>
                    <itemgap>2</itemgap>
                    <visible>Skin.String(Sub,Pictures)</visible>
                    <!-- main menu -->
                    <control type="radiobutton" id="201">
                        <label>$LOCALIZE[31938]</label>
                        <width>371</width>
                        <onclick>Skin.ToggleSetting(homemenu.pictures)</onclick>
                        <selected>!Skin.HasSetting(homemenu.pictures)</selected>
                        <include>dialog_Radio</include>
                    </control>
                    <!-- add-ons -->
                    <control type="radiobutton" id="203">
                        <label>$LOCALIZE[24001]</label>
                        <width>371</width>
                        <onclick>Skin.ToggleSetting(picturesmenu.addons)</onclick>
                        <selected>Skin.HasSetting(picturesmenu.addons)</selected>
                        <include>dialog_Radio</include>
                        <enable>!Skin.HasSetting(homemenu.pictures)</enable>
                    </control>
                </control>
                <!-- addons submenu -->
                <control type="grouplist" id="200">
                    <width>371</width>
                    <height>505</height>
                    <onleft>100</onleft>
                    <onright>10</onright>
                    <onup>200</onup>
                    <ondown>200</ondown>
                    <itemgap>2</itemgap>
                    <visible>Skin.String(Sub,Addons)</visible>
                    <!-- main menu -->
                    <control type="radiobutton" id="201">
                        <label>$LOCALIZE[31938]</label>
                        <width>371</width>
                        <onclick>Skin.ToggleSetting(homemenu.addons)</onclick>
                        <selected>!Skin.HasSetting(homemenu.addons)</selected>
                        <include>dialog_Radio</include>
                    </control>
                    <!-- available updates -->
                    <control type="radiobutton" id="203">
                        <label>$LOCALIZE[24043]</label>
                        <width>371</width>
                        <onclick>Skin.ToggleSetting(addonsmenu.updates)</onclick>
                        <selected>Skin.HasSetting(addonsmenu.updates)</selected>
                        <include>dialog_Radio</include>
                        <enable>!Skin.HasSetting(homemenu.addons)</enable>
                    </control>
                    <!-- programs -->
                    <control type="radiobutton" id="204">
                        <label>$LOCALIZE[0]</label>
                        <width>371</width>
                        <onclick>Skin.ToggleSetting(addonsmenu.programs)</onclick>
                        <selected>Skin.HasSetting(addonsmenu.programs)</selected>
                        <include>dialog_Radio</include>
                        <enable>!Skin.HasSetting(homemenu.addons)</enable>
                    </control>
                    <!-- addon 1 -->
                    <control type="button" id="210">
                        <width>371</width>
                        <label>$LOCALIZE[24000] 1</label>
                        <label2>[I]$INFO[Skin.String(addonsmenu.addon1.label)][/I]</label2>
                        <onclick>Skin.Reset(addonsmenu.addon1)</onclick>
                        <onclick>Skin.Reset(addonsmenu.addon1.path)</onclick>
                        <onclick>Skin.Reset(addonsmenu.addon1.label)</onclick>
                        <onclick>Skin.SetAddOn(addonsmenu.addon1.path,xbmc.python.pluginsource)</onclick>
                        <onclick>Skin.SetString(addonsmenu.addon1.label)</onclick>
                        <include>dialog_Radio</include>
                        <enable>!Skin.HasSetting(homemenu.addons)</enable>
                    </control>
                    <!-- addon 2 -->
                    <control type="button" id="211">
                        <width>371</width>
                        <label>$LOCALIZE[24000] 2</label>
                        <label2>[I]$INFO[Skin.String(addonsmenu.addon2.label)][/I]</label2>
                        <onclick>Skin.Reset(addonsmenu.addon2)</onclick>
                        <onclick>Skin.Reset(addonsmenu.addon2.path)</onclick>
                        <onclick>Skin.Reset(addonsmenu.addon2.label)</onclick>
                        <onclick>Skin.SetAddOn(addonsmenu.addon2.path,xbmc.python.pluginsource)</onclick>
                        <onclick>Skin.SetString(addonsmenu.addon2.label)</onclick>
                        <include>dialog_Radio</include>
                        <enable>!Skin.HasSetting(homemenu.addons)</enable>
                    </control>
                    <!-- addon 3 -->
                    <control type="button" id="212">
                        <width>371</width>
                        <label>$LOCALIZE[24000] 3</label>
                        <label2>[I]$INFO[Skin.String(addonsmenu.addon3.label)][/I]</label2>
                        <onclick>Skin.Reset(addonsmenu.addon3)</onclick>
                        <onclick>Skin.Reset(addonsmenu.addon3.path)</onclick>
                        <onclick>Skin.Reset(addonsmenu.addon3.label)</onclick>
                        <onclick>Skin.SetAddOn(addonsmenu.addon3.path,xbmc.python.pluginsource)</onclick>
                        <onclick>Skin.SetString(addonsmenu.addon3.label)</onclick>
                        <include>dialog_Radio</include>
                        <enable>!Skin.HasSetting(homemenu.addons)</enable>
                    </control>
                    <!-- addon 4 -->
                    <control type="button" id="213">
                        <width>371</width>
                        <label>$LOCALIZE[24000] 4</label>
                        <label2>[I]$INFO[Skin.String(addonsmenu.addon4.label)][/I]</label2>
                        <onclick>Skin.Reset(addonsmenu.addon4)</onclick>
                        <onclick>Skin.Reset(addonsmenu.addon4.path)</onclick>
                        <onclick>Skin.Reset(addonsmenu.addon4.label)</onclick>
                        <onclick>Skin.SetAddOn(addonsmenu.addon4.path,xbmc.python.pluginsource)</onclick>
                        <onclick>Skin.SetString(addonsmenu.addon4.label)</onclick>
                        <include>dialog_Radio</include>
                        <enable>!Skin.HasSetting(homemenu.addons)</enable>
                    </control>
                    <!-- addon 5 -->
                    <control type="button" id="214">
                        <width>371</width>
                        <label>$LOCALIZE[24000] 5</label>
                        <label2>[I]$INFO[Skin.String(addonsmenu.addon5.label)][/I]</label2>
                        <onclick>Skin.Reset(addonsmenu.addon5)</onclick>
                        <onclick>Skin.Reset(addonsmenu.addon5.path)</onclick>
                        <onclick>Skin.Reset(addonsmenu.addon5.label)</onclick>
                        <onclick>Skin.SetAddOn(addonsmenu.addon5.path,xbmc.python.pluginsource)</onclick>
                        <onclick>Skin.SetString(addonsmenu.addon5.label)</onclick>
                        <include>dialog_Radio</include>
                        <enable>!Skin.HasSetting(homemenu.addons)</enable>
                    </control>
                    <!-- addon 6 -->
                    <control type="button" id="215">
                        <width>371</width>
                        <label>$LOCALIZE[24000] 6</label>
                        <label2>[I]$INFO[Skin.String(addonsmenu.addon6.label)][/I]</label2>
                        <onclick>Skin.Reset(addonsmenu.addon6)</onclick>
                        <onclick>Skin.Reset(addonsmenu.addon6.path)</onclick>
                        <onclick>Skin.Reset(addonsmenu.addon6.label)</onclick>
                        <onclick>Skin.SetAddOn(addonsmenu.addon6.path,xbmc.python.pluginsource)</onclick>
                        <onclick>Skin.SetString(addonsmenu.addon6.label)</onclick>
                        <include>dialog_Radio</include>
                        <enable>!Skin.HasSetting(homemenu.addons)</enable>
                    </control>
                </control>
				<!-- system submenu -->
				<control type="grouplist" id="200">
					<width>371</width>
					<height>505</height>
					<onleft>100</onleft>
					<onright>10</onright>
					<onup>200</onup>
					<ondown>200</ondown>
					<itemgap>2</itemgap>
					<visible>Skin.String(Sub,System)</visible>
                <!-- system info -->
					<control type="radiobutton" id="203">
						<label>$LOCALIZE[130]</label>
						<width>371</width>
						<onclick>Skin.ToggleSetting(systemmenu.info)</onclick>
						<selected>Skin.HasSetting(systemmenu.info)</selected>
						<include>dialog_Radio</include>
					</control>
                <!-- file manager -->
					<control type="radiobutton" id="204">
						<label>$LOCALIZE[7]</label>
						<width>371</width>
						<onclick>Skin.ToggleSetting(systemmenu.filemanager)</onclick>
						<selected>Skin.HasSetting(systemmenu.filemanager)</selected>
						<include>dialog_Radio</include>
					</control>
                <!-- home menu config -->
					<control type="radiobutton" id="205">
						<label>$LOCALIZE[31030]</label>
						<width>371</width>
						<onclick>Skin.ToggleSetting(systemmenu.home)</onclick>
						<selected>Skin.HasSetting(systemmenu.home)</selected>
						<include>dialog_Radio</include>
					</control>
                <!-- exit -->
					<control type="radiobutton" id="206">
						<label>$LOCALIZE[13012]</label>
						<width>371</width>
						<onclick>Skin.ToggleSetting(systemmenu.exit)</onclick>
						<selected>Skin.HasSetting(systemmenu.exit)</selected>
						<include>dialog_Radio</include>
					</control>
                <!-- profile -->
					<control type="radiobutton" id="207">
						<label>$LOCALIZE[31021]</label>
						<width>371</width>
						<onclick>Skin.ToggleSetting(systemmenu.profile)</onclick>
						<selected>Skin.HasSetting(systemmenu.profile)</selected>
						<include>dialog_Radio</include>
					</control>
				</control>
				<!-- favourites submenu -->
				<control type="grouplist" id="200">
					<width>371</width>
					<height>505</height>
					<onleft>100</onleft>
					<onright>10</onright>
					<onup>200</onup>
					<ondown>200</ondown>
					<itemgap>2</itemgap>
					<visible>Skin.String(Sub,Favourites)</visible>
                <!-- main menu -->
					<control type="radiobutton" id="201">
						<label>$LOCALIZE[31938]</label>
						<width>371</width>
						<onclick>Skin.ToggleSetting(homemenu.favourites)</onclick>
						<selected>!Skin.HasSetting(homemenu.favourites)</selected>
						<include>dialog_Radio</include>
					</control>
				</control>
				<!-- disc submenu -->
				<control type="grouplist" id="200">
					<width>371</width>
					<height>505</height>
					<onleft>100</onleft>
					<onright>10</onright>
					<onup>200</onup>
					<ondown>200</ondown>
					<itemgap>2</itemgap>
					<visible>Skin.String(Sub,Disc)</visible>
                <!-- main menu -->
					<control type="radiobutton" id="201">
						<label>$LOCALIZE[31938]</label>
						<width>371</width>
						<onclick>Skin.ToggleSetting(homemenu.disc)</onclick>
						<selected>!Skin.HasSetting(homemenu.disc)</selected>
						<include>dialog_Radio</include>
					</control>
				</control>
				<!-- now playing -->
				<control type="grouplist" id="200">
					<width>371</width>
					<height>505</height>
					<onleft>100</onleft>
					<onright>10</onright>
					<onup>200</onup>
					<ondown>200</ondown>
					<itemgap>2</itemgap>
					<visible>Skin.String(Sub,Playing)</visible>
					<!-- main menu -->
					<control type="radiobutton" id="201">
						<label>$LOCALIZE[31938]</label>
						<width>371</width>
						<onclick>Skin.ToggleSetting(homemenu.playing)</onclick>
						<selected>!Skin.HasSetting(homemenu.playing)</selected>
						<include>dialog_Radio</include>
					</control>
				</control>
				<!-- weather submenu -->
				<control type="grouplist" id="200">
					<width>371</width>
					<height>505</height>
					<onleft>100</onleft>
					<onright>10</onright>
					<onup>200</onup>
					<ondown>200</ondown>
					<itemgap>2</itemgap>
					<visible>Skin.String(Sub,Weather)</visible>
					<!-- main menu -->
					<control type="radiobutton" id="201">
						<label>$LOCALIZE[31938]</label>
						<width>371</width>
						<onclick>Skin.ToggleSetting(homemenu.weather)</onclick>
						<selected>!Skin.HasSetting(homemenu.weather)</selected>
						<include>dialog_Radio</include>
					</control>
				</control>
			</control>
		</control>
        <!-- ok -->
        <control type="button" id="10">
            <posx>250</posx>
            <posy>615</posy>
            <width>200</width>
            <height>40</height>
            <label>$LOCALIZE[186]</label>
            <onup>200</onup>
            <onleft>100</onleft>
            <onright>11</onright>
            <ondown>311</ondown>
            <onclick>Close</onclick>
            <include>dialog_Button-list</include>
        </control>
	</control>
    </controls>
</window>