﻿<?xml version="1.0" encoding="UTF-8"?>
<includes>
	<default type="label">
		<posx>0</posx>
		<posy>0</posy>
		<label>-</label>
		<height>40</height>
		<align>left</align>
		<aligny>center</aligny>
		<font>Small</font>
		<textcolor>Label</textcolor>
		<focusedcolor>Focused</focusedcolor>
		<selectedcolor>Selected</selectedcolor>
		<disabledcolor>Disabled</disabledcolor>
	</default>
	<default type="fadelabel">
		<posx>0</posx>
		<posy>0</posy>
		<height>40</height>
		<label>-</label>
		<align>left</align>
		<aligny>center</aligny>
		<font>Small</font>
		<textcolor>Label</textcolor>
		<focusedcolor>Focused</focusedcolor>
		<selectedcolor>Selected</selectedcolor>
		<disabledcolor>Disabled</disabledcolor>
		<scrollout>false</scrollout>
		<pauseatend>2000</pauseatend>
	</default>
	<default type="image">
		<posx>0</posx>
		<posy>0</posy>
		<width>-</width>
		<height>-</height>
		<align>center</align>
		<aligny>center</aligny>
		<texture>-</texture>
	</default>
	<default type="button">
		<posx>0</posx>
		<posy>0</posy>
		<width>210</width>
		<height>40</height>
		<align>center</align>
		<aligny>center</aligny>
		<font>Small</font>
		<label>-</label>
		<textoffsetx>10</textoffsetx>
		<textcolor>Label</textcolor>
		<focusedcolor>Focused</focusedcolor>
		<disabledcolor>Disabled</disabledcolor>
		<texturefocus colordiffuse="ButtonFO" border="3">buttons/ButtonFO.png</texturefocus>
		<texturenofocus colordiffuse="ButtonNF" border="3">buttons/ButtonNF.png</texturenofocus>
		<pulseonselect>false</pulseonselect>
	</default>
	<default type="edit">
		<posx>0</posx>
		<posy>0</posy>
		<width>250</width>
		<aligny>center</aligny>
		<label>Search</label>
		<hinttext>Enter search string</hinttext>
		<font>Small</font>
		<textcolor>Label</textcolor>
	</default>
	<default type="togglebutton">
		<posx>0</posx>
		<posy>0</posy>
		<width>210</width>
		<height>40</height>
		<label>-</label>
		<textoffsetx>10</textoffsetx>
		<font>Small</font>
		<textcolor>Label</textcolor>
		<focusedcolor>Focused</focusedcolor>
		<disabledcolor>Disabled</disabledcolor>
		<texturenofocus border="3">buttons/ButtonNF.png</texturenofocus>
		<texturefocus border="3">buttons/ButtonFO.png</texturefocus>
		<alttexturenofocus border="3">buttons/ButtonNF.png</alttexturenofocus>
		<alttexturefocus border="3">buttons/ButtonFO.png</alttexturefocus>
		<align>center</align>
		<aligny>center</aligny>
		<pulseonselect>false</pulseonselect>
	</default>
	<default type="radiobutton">
		<posx>0</posx>
		<posy>0</posy>
		<width>210</width>
		<height>40</height>
		<align>center</align>
		<aligny>center</aligny>
		<font>Small</font>
		<label>-</label>
		<textcolor>Label</textcolor>
		<focusedcolor>Focused</focusedcolor>
		<disabledcolor>Disabled</disabledcolor>
		<radiowidth>30</radiowidth>
		<radioheight>30</radioheight>
		<texturenofocus border="3">buttons/ButtonNF.png</texturenofocus>
		<texturefocus border="3">buttons/ButtonFO.png</texturefocus>
		<textureradiofocus>buttons/RadiobuttonFo.png</textureradiofocus>
		<textureradionofocus>buttons/RadiobuttonNF.png</textureradionofocus>
		<textoffsetx>10</textoffsetx>
		<pulseonselect>false</pulseonselect>
	</default>
	<default type="spincontrolex">
		<posx>0</posx>
		<posy>0</posy>
		<width>210</width>
		<height>40</height>
		<label>-</label>
		<font>Small</font>
		<spinwidth>26</spinwidth>
		<spinheight>26</spinheight>
		<texturenofocus border="3">buttons/ButtonNF.png</texturenofocus>
		<texturefocus border="3">buttons/ButtonFO.png</texturefocus>
		<textureup>buttons/ArrowUpNF.png</textureup>
		<texturedown>buttons/ArrowDownNF.png</texturedown>
		<textureupfocus>buttons/ArrowUpFo.png</textureupfocus>
		<texturedownfocus>buttons/ArrowDownFo.png</texturedownfocus>
		<textcolor>Label</textcolor>
		<focusedcolor>Focused</focusedcolor>
		<disabledcolor>Disabled</disabledcolor>
		<textoffsetx>10</textoffsetx>
		<align>left</align>
		<aligny>center</aligny>
		<reverse>yes</reverse>
		<pulseonselect>false</pulseonselect>
	</default>
	<default type="spincontrol">
		<posx>0</posx>
		<posy>0</posy>
		<height>15</height>
		<width>15</width>
		<spinwidth>26</spinwidth>
		<spinheight>26</spinheight>
		<textureup>buttons/ArrowUpNF.png</textureup>
		<texturedown>buttons/ArrowDownNF.png</texturedown>
		<textureupfocus>buttons/ArrowUpFo.png</textureupfocus>
		<texturedownfocus>buttons/ArrowDownFo.png</texturedownfocus>
		<font>Small</font>
		<textcolor>Label</textcolor>
		<focusedcolor>Focused</focusedcolor>
		<disabledcolor>Disabled</disabledcolor>
		<textoffsetx>10</textoffsetx>
		<align>left</align>
		<aligny>center</aligny>
		<reverse>yes</reverse>
		<pulseonselect>false</pulseonselect>
	</default>
	<default type="sliderex">
		<posx>0</posx>
		<posy>0</posy>
		<height>40</height>
		<width>210</width>
		<texturenofocus border="3">buttons/ButtonNF.png</texturenofocus>
		<texturefocus border="3">buttons/ButtonFO.png</texturefocus>
		<sliderwidth>200</sliderwidth>
		<sliderheight>23</sliderheight>
		<texturesliderbar>buttons/slider_bg.png</texturesliderbar>
		<textureslidernib border="2">buttons/SliderNibNF.png</textureslidernib>
		<textureslidernibfocus border="2">buttons/SliderNibFO.png</textureslidernibfocus>
		<font>Small</font>
		<textcolor>Label</textcolor>
		<focusedcolor>Focused</focusedcolor>
		<disabledcolor>Disabled</disabledcolor>
		<textoffsetx>10</textoffsetx>
		<textoffsety>5</textoffsety>
	</default>
	<default type="progress">
		<posx>0</posx>
		<posy>0</posy>
		<texturebg>OSD/ProgressClearAlt.png</texturebg>
		<lefttexture>-</lefttexture>
		<midtexture>OSD/ProgressWhite.png</midtexture>
		<righttexture>-</righttexture>
		<overlaytexture>-</overlaytexture>
	</default>
	<default type="slider">
		<posx>0</posx>
		<posy>0</posy>
		<width>210</width>
		<height>15</height>
		<texturefocus>-</texturefocus>
		<texturenofocus>-</texturenofocus>
		<texturesliderbar>buttons/slider_bg_2.png</texturesliderbar>
		<textureslidernib border="2">buttons/SliderNibNF.png</textureslidernib>
		<textureslidernibfocus border="2">buttons/SliderNibFO.png</textureslidernibfocus>
	</default>
	<default type="scrollbar">
		<width>25</width>
		<texturesliderbackground border="0,9,0,9">buttons/ScrollBarV.png</texturesliderbackground>
		<texturesliderbar border="0,9,0,9">buttons/ScrollBarV_bar_focus.png</texturesliderbar>
		<texturesliderbarfocus border="0,9,0,9">buttons/ScrollBarV_bar_focus.png</texturesliderbarfocus>
		<textureslidernib>buttons/ScrollBarNib.png</textureslidernib>
		<textureslidernibfocus>buttons/ScrollBarNib.png</textureslidernibfocus>
		<showonepage>true</showonepage>
		<orientation>vertical</orientation>
	</default>
	<default type="textbox">
		<label>-</label>
		<font>Small</font>
		<textcolor>Plot</textcolor>
		<pagecontrol>61</pagecontrol>
		<autoscroll delay="6000" time="3000" repeat="10000" />
	</default>
</includes>