﻿<?xml version="1.0" encoding="UTF-8"?>

<window id="136">
	<defaultcontrol always="true">-</defaultcontrol>
	<zorder>100</zorder>
	<allowoverlay>yes</allowoverlay>
	<controls>
		<control type="group">
			<posx>624</posx>
			<posy>344</posy>
			<control type="image">
				<description>Busy animation</description>
				<width>32</width>
				<height>32</height>
				<texture>busy/busy.png</texture>
				<aspectratio>keep</aspectratio>
				<animation effect="rotate" start="0" end="360" center="auto" time="1200" loop="true" condition="true">conditional</animation>
			</control>
		</control>
	</controls>
</window>