﻿<?xml version="1.0" encoding="UTF-8"?>
<window id="2000">
    <defaultcontrol always="true">3</defaultcontrol>
    <allowoverlay>yes</allowoverlay>
    <controls>
        <include>GlobalOverlay</include>
        <control type="group">
            <posx>300</posx>
            <posy>80</posy>
			<include>dialogOpen</include>
            <control type="image">
                <posx>-20</posx>
                <posy>-20</posy>
                <width>720</width>
                <height>600</height>
                <include>dialogWindow</include>
            </control>
            <control type="label" id="1">
                <description>header label</description>
                <posx>10</posx>
                <posy>10</posy>
                <width>660</width>
                <align>center</align>
                <font>Medium</font>
                <label>13406</label>
            </control>
            <control type="list" id="3">
                <posx>10</posx>
                <posy>80</posy>
                <width>440</width>
                <height>460</height>
                <onleft>5</onleft>
                <onright>5</onright>
                <onup>3</onup>
                <ondown>3</ondown>
                <itemlayout height="46">
                    <control type="image">
                        <width>440</width>
                        <height>44</height>
                        <texture>backgrounds/BG_White.png</texture>
						<colordiffuse>Medium</colordiffuse>
                    </control>
                    <control type="label">
                        <posx>20</posx>
                        <width>400</width>
                        <info>ListItem.Label</info>
                    </control>
                    <control type="label">
                        <posx>420</posx>
                        <width>400</width>
                        <align>right</align>
                        <info>ListItem.Label2</info>
                    </control>
                </itemlayout>
                <focusedlayout height="46">
                    <control type="image">
                        <width>440</width>
                        <height>44</height>
                        <texture>backgrounds/BG_White.png</texture>
						<colordiffuse>Accent</colordiffuse>
                        <animation effect="fade" start="100" end="50" condition="!Control.HasFocus(3)">Conditional</animation>
                    </control>
                    <control type="label">
                        <posx>20</posx>
                        <width>400</width>
                        <info>ListItem.Label</info>
                    </control>
                    <control type="label">
                        <posx>420</posx>
                        <width>400</width>
                        <align>right</align>
                        <info>ListItem.Label2</info>
                    </control>
                </focusedlayout>
            </control>
            <control type="list" id="6">
                <posx>10</posx>
                <posy>80</posy>
                <width>440</width>
                <height>460</height>
                <onleft>5</onleft>
                <onright>5</onright>
                <onup>6</onup>
                <ondown>6</ondown>
                <itemlayout height="92">
                    <control type="image">
                        <width>440</width>
                        <height>90</height>
                        <texture>backgrounds/BG_White.png</texture>
						<colordiffuse>Medium</colordiffuse>
                    </control>
                    <control type="image">
                        <posx>8</posx>
                        <posy>8</posy>
                        <width>74</width>
                        <height>74</height>
                        <texture fallback="DefaultAddonNone.png">$INFO[Listitem.Icon]</texture>
                    </control>
                    <control type="label">
                        <posx>100</posx>
                        <width>400</width>
                        <height>90</height>
                        <info>ListItem.Label</info>
                    </control>
                    <control type="label">
                        <posx>420</posx>
                        <width>400</width>
                        <height>90</height>
                        <align>right</align>
                        <info>ListItem.Label2</info>
                    </control>
                </itemlayout>
                <focusedlayout height="92">
                    <control type="image">
                        <width>440</width>
                        <height>90</height>
                        <texture>backgrounds/BG_White.png</texture>
						<colordiffuse>Accent</colordiffuse>
                        <animation effect="fade" start="100" end="50" condition="!Control.HasFocus(6)">Conditional</animation>
                    </control>
                    <control type="image">
                        <posx>8</posx>
                        <posy>8</posy>
                        <width>74</width>
                        <height>74</height>
                        <texture fallback="DefaultAddonNone.png">$INFO[Listitem.Icon]</texture>
                    </control>
                    <control type="label">
                        <posx>100</posx>
                        <width>400</width>
                        <height>90</height>
                        <info>ListItem.Label</info>
                    </control>
                    <control type="label">
                        <posx>420</posx>
                        <width>400</width>
                        <height>90</height>
                        <align>right</align>
                        <info>ListItem.Label2</info>
                    </control>
                </focusedlayout>
            </control>
            <control type="label" id="2">
                <description>Number Of Files</description>
                <posx>470</posx>
                <posy>80</posy>
                <width>200</width>
                <align>center</align>
                <label>-</label>
            </control>
            <control type="button" id="5">
                <description>Manual</description>
                <posx>470</posx>
                <posy>126</posy>
                <width>200</width>
                <label>368</label>
                <onleft>3</onleft>
                <onright>3</onright>
                <onup>3</onup>
                <ondown>3</ondown>
            </control>
            <control type="image">
                <description>Large Icon Image</description>
                <posx>470</posx>
                <posy>238</posy>
                <width>200</width>
                <height>300</height>
                <texture fallback="DefaultAddonNone.png">$INFO[Container(6).ListItem.Icon]</texture>
                <aspectratio align="center" aligny="bottom">keep</aspectratio>
                <bordertexture border="3">buttons/ButtonNF.png</bordertexture>
                <bordersize>5</bordersize>
            </control>
        </control>
    </controls>
</window>