﻿<?xml version="1.0" encoding="UTF-8"?>

<window id="2002">
	<defaultcontrol always="true">10</defaultcontrol>
	<allowoverlay>yes</allowoverlay>
	<controls>
		<control type="image">
			<description>background image</description>
			<posx>250r</posx>
			<posy>0</posy>
			<width>250</width>
			<height>720</height>
			<include>dialogWindow</include>
			<animation effect="Slide" start="250" end="0" time="350" delay="600" tween="quadratic">WindowOpen</animation>
			<animation effect="Slide" start="0" end="250" time="350" delay="600" tween="quadratic">WindowClose</animation>
		</control>
		<control type="group">
			<posx>250r</posx>
			<posy>150</posy>
			<width>230</width>
			<animation effect="Slide" start="250" end="0" time="350" delay="600" tween="quadratic">WindowOpen</animation>
			<animation effect="Slide" start="0" end="250" time="350" delay="600" tween="quadratic">WindowClose</animation>
			<control type="label" id="1">
				<description>heading</description>
				<posx>10</posx>
				<posy>0</posy>
				<width>230</width>
				<height>40</height>
				<label>-</label>
				<wrapmultiline>true</wrapmultiline>
				<font>Medium</font>
				<textcolor>Accent</textcolor>
				<align>center</align>
			</control>
			<control type="grouplist">
				<posx>20</posx>
				<posy>50</posy>
				<width>230</width>
				<height max="606">auto</height>
				<itemgap>10</itemgap>
				<control type="label" id="2">
					<description>Line 1</description>
					<align>center</align>
					<width>210</width>
					<label>-</label>
				</control>
				<control type="label" id="3">
					<description>Line 2</description>
					<align>center</align>
					<width>210</width>
					<label>-</label>
				</control>
				<control type="label" id="4">
					<description>Line 3</description>
					<align>center</align>
					<width>210</width>
					<label>-</label>
				</control>
			</control>
				<control type="button" id="10">
					<description>Ok</description>
					<posx>50</posx>
					<posy>150</posy>
					<width>150</width>
					<label>186</label>
					<onleft>10</onleft>
					<onright>10</onright>
					<onup>10</onup>
					<ondown>10</ondown>
				</control>
		</control>
	</controls>
</window>