﻿<?xml version="1.0" encoding="UTF-8"?>

<window id="101">
    <defaultcontrol always="true">10</defaultcontrol>
    <allowoverlay>yes</allowoverlay>
    <controls>
        <control type="group">
            <posx>380</posx>
            <posy>222</posy>
            <control type="image">
                <posx>-20</posx>
                <posy>-20</posy>
                <width>560</width>
                <height>276</height>
                <include>dialogWindow</include>
            </control>
            <control type="label" id="1">
                <description>heading</description>
                <posx>10</posx>
                <width>500</width>
                <label>-</label>
                <font>Medium</font>
                <shadowcolor>black</shadowcolor>
                <align>center</align>
            </control>
            <control type="label" id="2">
                <description>Line 1</description>
                <posx>20</posx>
                <posy>50</posy>
                <width>500</width>
                <label>-</label>
            </control>
            <control type="label" id="3">
                <description>Line 2</description>
                <posx>20</posx>
                <posy>75</posy>
                <width>500</width>
                <label>-</label>
            </control>
            <control type="label" id="4">
                <description>Line 3</description>
                <posx>20</posx>
                <posy>100</posy>
                <width>500</width>
                <label>-</label>
            </control>
            <control type="progress">
                <description>Progressbar</description>
                <posx>20</posx>
                <posy>150</posy>
                <width>480</width>
                <height>10</height>
                <info>System.Progressbar</info>
            </control>
			 <control type="label">
                <posx>100r</posx>
                <posy>100</posy>
                <width>500</width>
				<align>right</align>
                <info>System.Progressbar</info>
            </control>
            <control type="button" id="10">
                <description>Cancel</description>
                <posx>185</posx>
                <posy>185</posy>
                <width>150</width>
                <label>222</label>
                <onleft>10</onleft>
                <onright>10</onright>
                <onup>10</onup>
                <ondown>10</ondown>
            </control>
        </control>
    </controls>
</window>