﻿<?xml version="1.0" encoding="UTF-8"?>

<window type="dialog" id="143">
    <controls>
        <include>GlobalOverlay</include>
        <control type="group">
            <posx>100</posx>
            <posy>0</posy>
            <control type="image">
                <posx>-20</posx>
                <posy>-30</posy>
                <width>400</width>
                <height>104</height>
                <include>dialogWindow</include>
            </control>
            <control type="label" id="401">
                <description>Song Number Label</description>
                <posy>2</posy>
                <width>340</width>
                <height>25</height>
            </control>
            <control type="label" id="402">
                <description>Song Name Label</description>
                <posy>35</posy>
                <width>340</width>
                <height>20</height>
                <font>Medium</font>
                <textcolor>blue</textcolor>
            </control>
        </control>
    </controls>
</window>