﻿<?xml version="1.0" encoding="UTF-8"?>

<window id="10140">
    <defaultcontrol always="true">9</defaultcontrol>
    <allowoverlay>yes</allowoverlay>
    <controls>
<include>GlobalOverlay</include>
		<control type="group">
			<posx>200</posx>
			<posy>110</posy>
			<include>dialogOpen</include>
			<animation type="Conditional" condition="Player.HasVideo">
				<effect type="slide" start="0,0" end="0,-75" time="350" tween="quadratic" />
			</animation>
			<control type="image">
				<posx>0</posx>
				<posy>0</posy>
				<width>950</width>
				<height>500</height>
				<include>dialogWindow</include>
			</control>
            <control type="label" id="20">
                <description>Header Label</description>
				<posx>240</posx>
				<posy>5</posy>
                <width>660</width>
                <label>-</label>
				<include>dialog_Windowtitle</include>
            </control>
            <control type="grouplist" id="9">
                <description>button area</description>
                <posx>20</posx>
                <posy>10</posy>
                <width>230</width>
                <height>468</height>
                <itemgap>0</itemgap>
                <onleft>9001</onleft>
                <onright>2</onright>
                <onup>9</onup>
                <ondown>9</ondown>
            </control>
            <control type="grouplist" id="2">
                <description>control area</description>
                <posx>220</posx>
                <posy>52</posy>
                <width>710</width>
                <height>360</height>
                <itemgap>0</itemgap>
                <onup>2</onup>
                <ondown>2</ondown>
                <onleft>9</onleft>
                <onright>9001</onright>
            </control>
            <control type="button" id="13">
                <description>Default Category Button</description>
				<height>40</height>
				<width>180</width>
            </control>
            <control type="button" id="3">
                <description>Default Button</description>
				<height>40</height>
            </control>
            <control type="radiobutton" id="4">
                <description>Default RadioButton</description>
				<height>40</height>
            </control>
            <control type="spincontrolex" id="5">
                <description>Default spincontrolex</description>
				<height>40</height>
                <reverse>yes</reverse>
            </control>
            <control type="label" id="7">
                <label>-</label>
                <textcolor>Accent</textcolor>
            </control>
            <control type="image" id="6">
                <description>Default Seperator</description>
                <height>-2</height>
                <texture>-</texture>
            </control>
            <control type="sliderex" id="8">
                <description>Default Slider</description>
                <width>646</width>
            </control>
            <control type="image">
                <posx>20</posx>
                <posy>300</posy>
                <width>180</width>
                <height>180</height>
                <texture fallback="DefaultAddon.png">$INFO[ListItem.Icon]</texture>
                <aspectratio align="center" aligny="bottom">keep</aspectratio>
                <bordertexture border="3">buttons/ButtonFO.png</bordertexture>
                <bordersize>5</bordersize>
            </control>
            <control type="group" id="9001">
                <posx>350</posx>
                <posy>440</posy>
                <control type="button" id="10">
                    <description>OK Button</description>
                    <posx>0</posx>
                    <posy>0</posy>
                    <width>150</width>
                    <label>186</label>
                    <onleft>12</onleft>
                    <onright>11</onright>
                    <onup>2</onup>
                    <ondown>2</ondown>
					<texturenofocus colordiffuse="ButtonNF" border="3">buttons/ButtonNFalt.png</texturenofocus>
                </control>
                <control type="button" id="11">
                    <description>Cancel Button</description>
                    <posx>160</posx>
                    <posy>0</posy>
                    <width>150</width>
                    <label>222</label>
                    <onleft>10</onleft>
                    <onright>12</onright>
                    <onup>2</onup>
                    <ondown>2</ondown>
					<texturenofocus colordiffuse="ButtonNF" border="3">buttons/ButtonNFalt.png</texturenofocus>
                </control>
                <control type="button" id="12">
                    <description>Defaults Button</description>
                    <posx>320</posx>
                    <posy>0</posy>
                    <width>150</width>
                    <label>409</label>
                    <onleft>11</onleft>
                    <onright>10</onright>
                    <onup>2</onup>
                    <ondown>2</ondown>
					<texturenofocus colordiffuse="ButtonNF" border="3">buttons/ButtonNFalt.png</texturenofocus>
                </control>
            </control>
        </control>
    </controls>
</window>