﻿<?xml version="1.0" encoding="UTF-8"?>

<window type="dialog" id="134">
    <defaultcontrol always="true">450</defaultcontrol>
    <allowoverlay>yes</allowoverlay>
    <controls>
        <include>GlobalOverlay</include>
        <control type="group">
            <posx>300</posx>
            <posy>90</posy>
            <control type="image">
                <posx>-20</posx>
                <posy>-20</posy>
                <width>720</width>
                <height>580</height>
                <include>dialogWindow</include>
            </control>
            <control type="label" id="1">
                <description>header label</description>
                <posx>10</posx>
                <width>660</width>
                <align>center</align>
                <font>Medium</font>
                <label>1036</label>
            </control>
            <control type="list" id="450">
                <posx>10</posx>
                <posy>60</posy>
                <width>440</width>
                <height>460</height>
                <onleft>450</onleft>
                <onright>450</onright>
                <onup>450</onup>
                <ondown>450</ondown>
                <itemlayout height="92">
                    <control type="image">
                        <width>440</width>
                        <height>90</height>
                        <texture border="1">other_textures/ButtonNF.png</texture>
                    </control>
                    <control type="image">
                        <posx>8</posx>
                        <posy>8</posy>
                        <width>74</width>
                        <height>74</height>
                        <texture fallback="DefaultAddonNone.png">$INFO[Listitem.Icon]</texture>
                    </control>
                    <control type="label">
                        <posx>100</posx>
                        <width>400</width>
                        <height>90</height>
                        <info>ListItem.Label</info>
                    </control>
                    <control type="label">
                        <posx>420</posx>
                        <width>400</width>
                        <height>90</height>
                        <align>right</align>
                        <info>ListItem.Label2</info>
                    </control>
                </itemlayout>
                <focusedlayout height="92">
                    <control type="image">
                        <width>440</width>
                        <height>90</height>
                        <texture border="3">other_textures/ButtonFO.png</texture>
                    </control>
                    <control type="image">
                        <posx>8</posx>
                        <posy>8</posy>
                        <width>74</width>
                        <height>74</height>
                        <texture fallback="DefaultAddonNone.png">$INFO[Listitem.Icon]</texture>
                    </control>
                    <control type="label">
                        <posx>100</posx>
                        <width>400</width>
                        <height>90</height>
                        <info>ListItem.Label</info>
                    </control>
                    <control type="label">
                        <posx>420</posx>
                        <width>400</width>
                        <height>90</height>
                        <align>right</align>
                        <info>ListItem.Label2</info>
                    </control>
                </focusedlayout>
            </control>
            <control type="image">
                <description>Large Icon Image</description>
                <posx>470</posx>
                <posy>218</posy>
                <width>200</width>
                <height>300</height>
                <texture fallback="DefaultAddonNone.png">$INFO[Container(450).ListItem.Icon]</texture>
                <aspectratio align="center" aligny="bottom">keep</aspectratio>
                <bordertexture border="3">other_textures/ButtonFO.png</bordertexture>
                <bordersize>5</bordersize>
            </control>
        </control>
    </controls>
</window>