﻿<?xml version="1.0" encoding="UTF-8"?>
<fonts>
    <fontset id="default" unicode="true">
	
<!--Std fonts-->
        <!-- Required for system <style>bold</style> -->
        <font>
            <name>font13</name>
            <filename>Arial.ttf</filename>
            <size>16</size>
        </font>
        <font>
			<name>XLarge</name>
            <filename>Light.ttf</filename>
            <size>42</size>
        </font>
		<font>
			<name>XLargeLow</name>
            <filename>LightLow.ttf</filename>
            <size>42</size>
        </font>
		<font>
			<name>XLargeCaps</name>
            <filename>LightCaps.ttf</filename>
            <size>42</size>
        </font>
		<font>
			<name>LargeSpecial</name>
            <filename>Light.ttf</filename>
            <size>35</size>
        </font>
        <font>
			<name>Large</name>
            <filename>Light.ttf</filename>
            <size>30</size>
        </font>
		<font>
			<name>LargeLow</name>
            <filename>LightLow.ttf</filename>
            <size>30</size>
        </font>
		<font>
			<name>LargeCaps</name>
            <filename>LightCaps.ttf</filename>
            <size>30</size>
        </font>
        <font>
            <name>MediumLow</name>
            <filename>LightLow.ttf</filename>
            <size>24</size>
        </font>
		<font>
            <name>Medium</name>
            <filename>Light.ttf</filename>
            <size>24</size>
        </font>
		<font>
            <name>MediumBold</name>
            <filename>Light.ttf</filename>
            <size>24</size>
			<style>bold</style>
        </font>
		<font>
            <name>MediumCaps</name>
            <filename>LightCaps.ttf</filename>
            <size>24</size>
        </font>
        <font>
            <name>Small</name>
            <filename>Light.ttf</filename>
            <size>20</size>
        </font>
		<font>
            <name>SmallBold</name>
            <filename>Light.ttf</filename>
            <size>20</size>
			<style>bold</style>
        </font>
		<font>
            <name>SmallLow</name>
            <filename>LightLow.ttf</filename>
            <size>20</size>
        </font>
		<font>
            <name>SmallCaps</name>
            <filename>LightCaps.ttf</filename>
            <size>20</size>
        </font>
		<font>
            <name>SmallCapsBold</name>
            <filename>LightCaps.ttf</filename>
            <size>20</size>
			<style>bold</style>
        </font>
        <font>
            <name>XSmall</name>
            <filename>LightLow.ttf</filename>
            <size>16</size>
        </font>
		<font>
            <name>XSmallCaps</name>
            <filename>LightCaps.ttf</filename>
            <size>16</size>
        </font>
		<font>
			<name>XSmallCapsBold</name>
            <filename>LightCaps.ttf</filename>
            <size>16</size>
			<style>bold</style>
        </font>
		<font>
		<name>XSmallLowBold</name>
            <filename>LightLow.ttf</filename>
            <size>16</size>
			<style>bold</style>
        </font>
        <font>
            <name>Menu</name>
            <filename>LightLow.ttf</filename>
            <size>35</size>
        </font>
        <font>
            <name>SubMenu</name>
            <filename>LightCaps.ttf</filename>
            <size>15</size>
        </font>
        <font>
            <name>SubMenu2</name>
            <filename>LightCaps.ttf</filename>
            <size>18</size>
        </font>
		<font>
            <name>SubMenuFO</name>
            <filename>Light.ttf</filename>
            <size>29</size>
        </font>
        <font>
            <name>Title</name>
            <filename>LightLow.ttf</filename>
            <size>35</size>
        </font>
		<font>
            <name>TitleBold</name>
            <filename>LightLow.ttf</filename>
            <size>38</size>
			<style>bold</style>
        </font>
        <font>
            <name>SubTitle</name>
            <filename>LightLow.ttf</filename>
            <size>24</size>
        </font>
        <font>
            <name>Plot</name>
            <filename>Light.ttf</filename>
            <size>22</size>
        </font>
		<font>
            <name>HomeDay</name>
            <filename>LightLow.ttf</filename>
            <size>32</size>
        </font>
        <font>
            <name>HomeDate</name>
            <filename>LightLow.ttf</filename>
            <size>32</size>
        </font>
        <font>
            <name>HomeWeather</name>
            <filename>LightLow.ttf</filename>
            <size>28</size>
        </font>
		<font>
            <name>Temperature</name>
            <filename>RegularCaps.ttf</filename>
			<style>bold</style>
            <size>75</size>
        </font>
		<font>
            <name>Warning</name>
            <filename>Light.ttf</filename>
            <size>85</size>
			<style>bold</style>
        </font>
		<font>
            <name>HintingTemp</name>
            <filename>LightLow.ttf</filename>
            <size>30</size>
        </font>
    </fontset>
</fonts>