<includes>
	<include name="homeStart">
		<control type="group" id="1300">
			<posy>180</posy>
			<posx>225</posx>
			<include>Visible_SubMenu</include>

<!--Movie/TV Switch-->
			<control type="group"> 
				<posx>885</posx>
				<posy>20</posy>
				<visible allowhiddenfocus="true">Control.HasFocus(1306) | Control.HasFocus(1307) | Control.HasFocus(1308) | Control.HasFocus(1309) | Control.HasFocus(100)</visible>
				<control type="image">
					<posx>-15</posx>
					<posy>5</posy>
					<width>100</width>
					<height>50</height>					
					<texture>buttons/ButtonNF.png</texture>
					<colordiffuse></colordiffuse>
					<aspectratio>stretch</aspectratio>
					<visible>!Skin.HasSetting(labels.disable)</visible>
				</control>
				<control type="image">
					<posx>-15</posx>
					<posy>5</posy>
					<width>100</width>
					<height>50</height>					
					<texture>buttons/ButtonFO.png</texture>
					<colordiffuse></colordiffuse>
					<aspectratio>stretch</aspectratio>
					<visible>Control.HasFocus(100) + !Skin.HasSetting(labels.disable)</visible>
				</control>
				<control type="label">
					<posx>-5</posx>
					<posy>3</posy>
					<width>100</width>
					<height>50</height>
					<label>Switch to[CR]Episodes</label>
					<font>XSmall</font>
					<align>center</align>
					<textcolor>White</textcolor>
					<aligny>center</aligny>
					<visible>Skin.HasSetting(homemenu.showmovies) + !Skin.HasSetting(labels.disable)</visible>
				</control>
				<control type="label">
					<posx>-5</posx>
					<posy>3</posy>
					<width>100</width>
					<height>50</height>
					<label>Switch to[CR]Movies</label>
					<font>XSmall</font>
					<align>center</align>
					<textcolor>White</textcolor>
					<aligny>center</aligny>
					<visible>!Skin.HasSetting(homemenu.showmovies) + !Skin.HasSetting(labels.disable)</visible>
				</control>
				<control type="togglebutton" id="100">
					<description>Movie/TV toggle</description>
					<type>radiobutton</type>
					<posx>-35</posx>
					<posy>5</posy>
					<width>50</width>
					<height>50</height>
					<colordiffuse>FFFFFFFF</colordiffuse>
					<texturefocus>buttons/SliderButton.png</texturefocus>
					<texturenofocus>buttons/SliderButtonNF.png</texturenofocus>
					<alttexturefocus>buttons/SliderButtonAlt.png</alttexturefocus>
					<alttexturenofocus>buttons/SliderButtonAltNF.png</alttexturenofocus>
					<usealttexture>!Skin.HasSetting(homemenu.showmovies)</usealttexture>
					<onclick>Skin.ToggleSetting(homemenu.showmovies)</onclick>
					<align>right</align>
					<aligny>center</aligny>
					<label>-</label>
					<altlabel>-</altlabel>
					<textoffsetx>0</textoffsetx>
					<textoffsety>-</textoffsety>
					<pulseonselect>false</pulseonselect>
					<onfocus>-</onfocus>
					<onunfocus>-</onunfocus>
					<onup>-</onup>
					<ondown>-</ondown>
					<onleft condition="!Skin.HasSetting(homemenu.showmovies)">1309</onleft>
					<onleft condition="Skin.HasSetting(homemenu.showmovies)">1307</onleft>
					<onright>-</onright>
				</control>
				<control type="image">
					<posx>-35</posx>
					<posy>5</posy>
					<width>50</width>
					<height>50</height>					
					<texture>buttons/SliderButtonAccent.png</texture>
					<colordiffuse>Accent</colordiffuse>
					<aspectratio>keep</aspectratio>
					<visible>Control.HasFocus(100) + Skin.HasSetting(homemenu.showmovies)</visible>
				</control>
				<control type="image">
					<posx>-35</posx>
					<posy>5</posy>
					<width>50</width>
					<height>50</height>					
					<texture>buttons/SliderButtonAccentAlt.png</texture>
					<colordiffuse>Accent</colordiffuse>
					<aspectratio>keep</aspectratio>
					<visible>Control.HasFocus(100) + !Skin.HasSetting(homemenu.showmovies)</visible>
				</control>
			</control>

<!--Column Headers-->
			<control type="group" id="95">
				<posx>-25</posx>
				<posy>-10</posy>
				<animation effect="fade" start="100" end="0" time="500" condition="Control.HasFocus(9000) | Control.HasFocus(1160)">Conditional</animation>
				<control type="label">
					<posx>0</posx>
					<posy>5</posy>
					<width>200</width>
					<height>20</height>
					<label>Current</label>
					<font>XSmall</font>
					<align>center</align>
					<textcolor>White</textcolor>
					<aligny>center</aligny>
					<visible>ControlGroup(1300).HasFocus()</visible>
				</control>
				<control type="label">
					<posx>230</posx>
					<posy>5</posy>
					<width>200</width>
					<height>20</height>
					<label>Favorites</label>
					<font>XSmall</font>
					<align>center</align>
					<textcolor>White</textcolor>
					<aligny>center</aligny>
					<visible>ControlGroup(1300).HasFocus()</visible>
				</control>
				<control type="label">
					<posx>450</posx>
					<posy>5</posy>
					<width>200</width>
					<height>20</height>
					<label>Movies In Progress</label>
					<font>XSmall</font>
					<align>center</align>
					<textcolor>White</textcolor>
					<aligny>center</aligny>
					<visible>ControlGroup(1300).HasFocus() + Skin.HasSetting(homemenu.showmovies)</visible>				
				</control>
				<control type="label">
					<posx>675</posx>
					<posy>5</posy>
					<width>200</width>
					<height>20</height>
					<label>New Movies</label>
					<font>XSmall</font>
					<align>center</align>
					<textcolor>White</textcolor>
					<aligny>center</aligny>
					<visible>ControlGroup(1300).HasFocus() + Skin.HasSetting(homemenu.showmovies)</visible>				
				</control>
				<control type="label">
					<posx>675</posx>
					<posy>5</posy>
					<width>200</width>
					<height>20</height>
					<label>New Episodes</label>
					<font>XSmall</font>
					<align>center</align>
					<textcolor>White</textcolor>
					<aligny>center</aligny>
					<visible>ControlGroup(1300).HasFocus() + !Skin.HasSetting(homemenu.showmovies)</visible>
				</control>
				<control type="label">
					<posx>450</posx>
					<posy>5</posy>
					<width>200</width>
					<height>20</height>
					<label>Episodes In Progress</label>
					<font>XSmall</font>
					<align>center</align>
					<textcolor>White</textcolor>
					<aligny>center</aligny>
					<visible>ControlGroup(1300).HasFocus() + !Skin.HasSetting(homemenu.showmovies)</visible>
				</control>
			</control>

<!--In Progress Movies-->
			<control type="list" id="1306">
				<posy>35</posy>
				<posx>410</posx>
				<width>205</width>
				<height>345</height>
				<onleft>1305</onleft>
				<onright>1307</onright>
				<onup>9000</onup>
				<ondown>1306</ondown>
				<orientation>verticle</orientation>
				<scrolltime>200</scrolltime>
				<defaultcontrol always="true">1</defaultcontrol>
				<visible allowhiddenfocus="False">Container(9000).HasFocus(14) + Skin.HasSetting(homemenu.showmovies)</visible>
				<animation effect="fade" start="100" end="fade_SubMenu" condition="Control.HasFocus(9000) | Control.HasFocus(1160)">Conditional</animation>
				<animation effect="zoom" start="100" end="110" center="400,200" time="200" condition="ControlGroup(1300).HasFocus()">Conditional</animation>

			<itemlayout width="205" height="115">
				<control type="image">
					<include>SubMenu_ImageBg</include>
				</control>
				<control type="image">
					<include>SubMenu_ImageBg</include>
					<colordiffuse>Base</colordiffuse>
					<visible>ControlGroup(1300).HasFocus()</visible>
				</control>
				<control type="label">
					<posx>10</posx>
					<posy>5</posy>
					<width>200</width>
					<height>20</height>
					<label>$INFO[ListItem.Label]</label>
					<wrapmultiline>true</wrapmultiline>
					<font>SubMenu</font>
					<align>left</align>
					<angle>-</angle>
					<textcolor>White</textcolor>
					<scroll>false</scroll>
					<scrollspeed>0</scrollspeed>
					<aligny>top</aligny>
					<visible>ControlGroup(1300).HasFocus()</visible>
					<include>Fade_focus_Label</include>
				</control>
				<control type="image">
					<include>SubMenu_Bg</include>
					<aspectratio align="right">scale</aspectratio>
					<texture>$INFO[ListItem.Property(Poster)]</texture>
					<visible>ControlGroup(1300).HasFocus() + IsEmpty(ListItem.Property(Fanart))</visible>
				</control>
				<control type="image">
					<include>SubMenu_Bg</include>
					<aspectratio align="right" aligny="top">scale</aspectratio>
					<texture>$INFO[ListItem.Property(Fanart)]</texture>
					<visible>ControlGroup(1300).HasFocus()</visible>
				</control>
			</itemlayout>			
			<focusedlayout width="205" height="115">
				<!--Repeat nofocus components-->
				<control type="image">
					<include>SubMenu_ImageBg</include>
				</control>
				<control type="image">
					<include>SubMenu_Bg</include>
					<aspectratio align="right" aligny="top">scale</aspectratio>
					<texture>backgrounds/BG_White.png</texture>
					<colordiffuse>Accent</colordiffuse>
					<include>focus_SubMenuBG</include>
					<visible>ControlGroup(1300).HasFocus()</visible>
				</control>
				<control type="image">
					<include>SubMenu_ImageBg</include>
					<colordiffuse>Base</colordiffuse>
					<visible>ControlGroup(1300).HasFocus()</visible>
				</control>
				<control type="label">
					<posx>10</posx>
					<posy>5</posy>
					<width>190</width>
					<height>20</height>
					<label>$INFO[ListItem.Label]</label>
					<wrapmultiline>true</wrapmultiline>
					<font>SubMenu</font>
					<align>left</align>
					<textcolor>White</textcolor>
					<aligny>top</aligny>
					<visible>ControlGroup(1300).HasFocus()</visible>
				</control>
				<control type="image">
					<include>SubMenu_Bg</include>
					<aspectratio align="right">scale</aspectratio>
					<texture>$INFO[ListItem.Property(Poster)]</texture>
					<visible>ControlGroup(1300).HasFocus() + IsEmpty(ListItem.Property(Fanart))</visible>
				</control>
				<control type="image">
					<include>SubMenu_Bg</include>
					<aspectratio align="right" aligny="top">scale</aspectratio>
					<texture>$INFO[ListItem.Property(Fanart)]</texture>
					<visible>ControlGroup(1300).HasFocus()</visible>
				</control>				
<!--Start Focused, zoomed components-->				
				<control type="image">
					<include>SubMenu_Bg</include>
					<aspectratio align="right" aligny="top">scale</aspectratio>
					<texture>backgrounds/BG_Tinted.png</texture>
					<visible>Control.HasFocus(1306) + !IsEmpty(ListItem.Property(Poster))</visible>
				</control>
				<control type="image">
					<include>SubMenu_Bg</include>
					<aspectratio aligny="center" align="right">keep</aspectratio>
					<texture>$INFO[ListItem.Icon]</texture>
					<visible>Control.HasFocus(1306)</visible>
				</control>
				<control type="label">
					<posx>10</posx>
					<posy>5</posy>
					<width>190</width>
					<height>20</height>
					<label>$INFO[ListItem.Label]</label>
					<wrapmultiline>true</wrapmultiline>
					<font>SubMenu</font>
					<align>left</align>
					<textcolor>White</textcolor>
					<shadowcolor>TextShadow</shadowcolor>
					<aligny>top</aligny>
					<visible>Control.HasFocus(1306) + !IsEmpty(ListItem.Property(Poster))</visible>
					<include>Fade_focus_Label</include>
				</control>
				<control type="label">
					<posx>10</posx>
					<posy>95</posy>
					<width>190</width>
					<height>16</height>
					<font>SubMenu</font>
					<align>left</align>
					<textcolor>White</textcolor>
					<shadowcolor>TextShadow</shadowcolor>
					<label>$INFO[ListItem.Label2]</label>
					<visible>Control.HasFocus(1306) + !IsEmpty(ListItem.Property(Poster))</visible>
					<include>Fade_focus_Label</include>
				</control>
			</focusedlayout>
				<content>
					<item id="1">
						<label>$INFO[Window(Home).Property(RecommendedMovie.1.Title)]</label>
						<label2>$INFO[Window(Home).Property(RecommendedMovie.1.Year)]</label2>
						<onclick>$INFO[Window(Home).Property(RecommendedMovie.1.Play)]</onclick>
						<icon>$INFO[Window(Home).Property(RecommendedMovie.1.Art(poster))]</icon>
						<property name="Type">BG_Blue.png</property>
						<property name="Poster">$INFO[Window(Home).Property(RecommendedMovie.1.Art(poster))]</property>
						<property name="Fanart">$INFO[Window(Home).Property(RecommendedMovie.1.Art(fanart))]</property>
					</item>
					<item id="2">
						<label>$INFO[Window(Home).Property(RecommendedMovie.2.Title)]</label>
						<label2>$INFO[Window(Home).Property(RecommendedMovie.2.Year)]</label2>
						<onclick>$INFO[Window(Home).Property(RecommendedMovie.2.Play)]</onclick>
						<icon>$INFO[Window(Home).Property(RecommendedMovie.2.Art(poster))]</icon>
						<property name="Type">BG_Blue.png</property>
						<property name="Poster">$INFO[Window(Home).Property(RecommendedMovie.2.Art(poster))]</property>
						<property name="Fanart">$INFO[Window(Home).Property(RecommendedMovie.2.Art(fanart))]</property>
					</item>
					<item id="3">
						<label>$INFO[Window(Home).Property(RecommendedMovie.3.Title)]</label>
						<label2>$INFO[Window(Home).Property(RecommendedMovie.3.Year)]</label2>
						<onclick>$INFO[Window(Home).Property(RecommendedMovie.3.Play)]</onclick>
						<icon>$INFO[Window(Home).Property(RecommendedMovie.3.Art(poster))]</icon>
						<property name="Type">BG_Blue.png</property>
						<property name="Poster">$INFO[Window(Home).Property(RecommendedMovie.3.Art(poster))]</property>
						<property name="Fanart">$INFO[Window(Home).Property(RecommendedMovie.3.Art(fanart))]</property>
					</item>
					<item id="4">
						<label>$INFO[Window(Home).Property(RecommendedMovie.4.Title)]</label>
						<label2>$INFO[Window(Home).Property(RecommendedMovie.4.Year)]</label2>
						<onclick>$INFO[Window(Home).Property(RecommendedMovie.4.Play)]</onclick>
						<icon>$INFO[Window(Home).Property(RecommendedMovie.4.Art(poster))]</icon>
						<property name="Type">BG_Blue.png</property>
						<property name="Poster">$INFO[Window(Home).Property(RecommendedMovie.4.Art(poster))]</property>
						<property name="Fanart">$INFO[Window(Home).Property(RecommendedMovie.4.Art(fanart))]</property>
						<visible>!IsEmpty(Window(Home).Property(RecommendedMovie.4.Title))</visible>
					</item>
					<item id="5">
						<label>$INFO[Window(Home).Property(RecommendedMovie.5.Title)]</label>
						<label2>$INFO[Window(Home).Property(RecommendedMovie.5.Year)]</label2>
						<onclick>$INFO[Window(Home).Property(RecommendedMovie.5.Play)]</onclick>
						<icon>$INFO[Window(Home).Property(RecommendedMovie.5.Art(poster))]</icon>
						<property name="Type">BG_Blue.png</property>
						<property name="Poster">$INFO[Window(Home).Property(RecommendedMovie.5.Art(poster))]</property>
						<property name="Fanart">$INFO[Window(Home).Property(RecommendedMovie.5.Art(fanart))]</property>
						<visible>!IsEmpty(Window(Home).Property(RecommendedMovie.5.Title))</visible>
					</item>
					<item id="6">
						<label>$INFO[Window(Home).Property(RecommendedMovie.6.Title)]</label>
						<label2>$INFO[Window(Home).Property(RecommendedMovie.6.Year)]</label2>
						<onclick>$INFO[Window(Home).Property(RecommendedMovie.6.Play)]</onclick>
						<icon>$INFO[Window(Home).Property(RecommendedMovie.6.Art(poster))]</icon>
						<property name="Type">BG_Blue.png</property>
						<property name="Poster">$INFO[Window(Home).Property(RecommendedMovie.6.Art(poster))]</property>
						<property name="Fanart">$INFO[Window(Home).Property(RecommendedMovie.6.Art(fanart))]</property>
						<visible>!IsEmpty(Window(Home).Property(RecommendedMovie.6.Title))</visible>
					</item>
			</content>
		</control>

<!--New Movies-->
			<control type="list" id="1307">
				<posy>35</posy>
				<posx>615</posx>
				<width>205</width>
				<height>345</height>
				<onleft>1306</onleft>
				<onright>100</onright>
				<onup>9000</onup>
				<ondown>1307</ondown>
				<orientation>verticle</orientation>
				<scrolltime>200</scrolltime>
				<defaultcontrol always="true">1</defaultcontrol>
				<visible allowhiddenfocus="true">Container(9000).HasFocus(14) + Skin.HasSetting(homemenu.showmovies)</visible>
				<animation effect="fade" start="100" end="fade_SubMenu" condition="Control.HasFocus(9000) | Control.HasFocus(1160)">Conditional</animation>
				<animation effect="zoom" start="100" end="110" center="400,200" time="200" condition="ControlGroup(1300).HasFocus()">Conditional</animation>

			<itemlayout width="205" height="115">
				<control type="image">
					<include>SubMenu_ImageBg</include>
				</control>
				<control type="image">
					<include>SubMenu_ImageBg</include>
					<colordiffuse>Base</colordiffuse>
					<visible>ControlGroup(1300).HasFocus()</visible>
				</control>
				<control type="label">
					<posx>10</posx>
					<posy>5</posy>
					<width>200</width>
					<height>20</height>
					<label>$INFO[ListItem.Label]</label>
					<wrapmultiline>true</wrapmultiline>
					<font>SubMenu</font>
					<align>left</align>
					<angle>-</angle>
					<textcolor>White</textcolor>
					<scroll>false</scroll>
					<scrollspeed>0</scrollspeed>
					<aligny>top</aligny>
					<visible>ControlGroup(1300).HasFocus()</visible>
					<include>Fade_focus_Label</include>
				</control>
				<control type="image">
					<include>SubMenu_Bg</include>
					<aspectratio align="right">scale</aspectratio>
					<texture>$INFO[ListItem.Property(Poster)]</texture>
					<visible>ControlGroup(1300).HasFocus() + IsEmpty(ListItem.Property(Fanart))</visible>
				</control>
				<control type="image">
					<include>SubMenu_Bg</include>
					<aspectratio align="right" aligny="top">scale</aspectratio>
					<texture>$INFO[ListItem.Property(Fanart)]</texture>
					<visible>ControlGroup(1300).HasFocus()</visible>
				</control>
			</itemlayout>			
			<focusedlayout width="205" height="115">
				<!--Repeat nofocus components-->
				<control type="image">
					<include>SubMenu_ImageBg</include>
				</control>
				<control type="image">
					<include>SubMenu_Bg</include>
					<aspectratio align="right" aligny="top">scale</aspectratio>
					<texture>backgrounds/BG_White.png</texture>
					<colordiffuse>Accent</colordiffuse>
					<include>focus_SubMenuBG</include>
					<visible>ControlGroup(1300).HasFocus()</visible>
				</control>
				<control type="image">
					<include>SubMenu_ImageBg</include>
					<colordiffuse>Base</colordiffuse>
					<visible>ControlGroup(1300).HasFocus()</visible>
				</control>
				<control type="label">
					<posx>10</posx>
					<posy>5</posy>
					<width>190</width>
					<height>20</height>
					<label>$INFO[ListItem.Label]</label>
					<wrapmultiline>true</wrapmultiline>
					<font>SubMenu</font>
					<align>left</align>
					<textcolor>White</textcolor>
					<aligny>top</aligny>
					<visible>ControlGroup(1300).HasFocus()</visible>
				</control>
				<control type="image">
					<include>SubMenu_Bg</include>
					<aspectratio align="right">scale</aspectratio>
					<texture>$INFO[ListItem.Property(Poster)]</texture>
					<visible>ControlGroup(1300).HasFocus() + IsEmpty(ListItem.Property(Fanart))</visible>
				</control>
				<control type="image">
					<include>SubMenu_Bg</include>
					<aspectratio align="right" aligny="top">scale</aspectratio>
					<texture>$INFO[ListItem.Property(Fanart)]</texture>
					<visible>ControlGroup(1300).HasFocus()</visible>
				</control>				
<!--Start Focused, zoomed components-->				
				<control type="image">
					<include>SubMenu_Bg</include>
					<aspectratio align="right" aligny="top">scale</aspectratio>
					<texture>backgrounds/BG_Tinted.png</texture>
					<visible>Control.HasFocus(1307) + !IsEmpty(ListItem.Property(Poster))</visible>
				</control>
				<control type="image">
					<include>SubMenu_Bg</include>
					<aspectratio aligny="center" align="right">keep</aspectratio>
					<texture>$INFO[ListItem.Icon]</texture>
					<visible>Control.HasFocus(1307)</visible>
				</control>
				<control type="label">
					<posx>10</posx>
					<posy>5</posy>
					<width>190</width>
					<height>20</height>
					<label>$INFO[ListItem.Label]</label>
					<wrapmultiline>true</wrapmultiline>
					<font>SubMenu</font>
					<align>left</align>
					<textcolor>White</textcolor>
					<shadowcolor>TextShadow</shadowcolor>
					<aligny>top</aligny>
					<visible>Control.HasFocus(1307) + !IsEmpty(ListItem.Property(Poster))</visible>
					<include>Fade_focus_Label</include>
				</control>
				<control type="label">
					<posx>10</posx>
					<posy>95</posy>
					<width>190</width>
					<height>16</height>
					<font>SubMenu</font>
					<align>left</align>
					<textcolor>White</textcolor>
					<shadowcolor>TextShadow</shadowcolor>
					<label>$INFO[ListItem.Label2]</label>
					<visible>Control.HasFocus(1307) + !IsEmpty(ListItem.Property(Poster))</visible>
					<include>Fade_focus_Label</include>
				</control>
			</focusedlayout>
				<content>
					<item id="1">
						<label>$INFO[Window.Property(RecentMovie.1.Title)]</label>
						<label2>$INFO[Window.Property(RecentMovie.1.Year)]</label2>
						<onclick>$INFO[Window(Home).Property(RecentMovie.1.Play)]</onclick>
						<icon>$INFO[Window(Home).Property(RecentMovie.1.Art(poster))]</icon>
						<property name="Type">BG_Orange.png</property>
						<property name="Fanart">$INFO[Window(Home).Property(RecentMovie.1.Art(fanart))]</property>
						<property name="Poster">$INFO[Window(Home).Property(RecentMovie.1.Art(poster))]</property>
						<thumb>-</thumb>
					</item>
					<item id="2">
						<label>$INFO[Window.Property(RecentMovie.2.Title)]</label>
						<label2>$INFO[Window.Property(RecentMovie.2.Year)]</label2>
						<onclick>$INFO[Window(Home).Property(RecentMovie.2.Play)]</onclick>
						<icon>$INFO[Window(Home).Property(RecentMovie.2.Art(poster))]</icon>
						<property name="Type">BG_Orange.png</property>
						<property name="Fanart">$INFO[Window(Home).Property(RecentMovie.2.Art(fanart))]</property>
						<property name="Poster">$INFO[Window(Home).Property(RecentMovie.2.Art(poster))]</property>
						<thumb>-</thumb>
					</item>
					<item id="3">
						<label>$INFO[Window.Property(RecentMovie.3.Title)]</label>
						<label2>$INFO[Window.Property(RecentMovie.3.Year)]</label2>
						<onclick>$INFO[Window(Home).Property(RecentMovie.3.Play)]</onclick>
						<icon>$INFO[Window(Home).Property(RecentMovie.3.Art(poster))]</icon>
						<property name="Type">BG_Orange.png</property>
						<property name="Fanart">$INFO[Window(Home).Property(RecentMovie.3.Art(fanart))]</property>
						<property name="Poster">$INFO[Window(Home).Property(RecentMovie.3.Art(poster))]</property>
						<thumb>-</thumb>
					</item>
					<item id="4">
						<label>$INFO[Window.Property(RecentMovie.4.Title)]</label>
						<label2>$INFO[Window.Property(RecentMovie.4.Year)]</label2>
						<onclick>$INFO[Window(Home).Property(RecentMovie.4.Play)]</onclick>
						<icon>$INFO[Window(Home).Property(RecentMovie.4.Art(poster))]</icon>
						<property name="Type">BG_Orange.png</property>
						<property name="Fanart">$INFO[Window(Home).Property(RecentMovie.4.Art(fanart))]</property>
						<property name="Poster">$INFO[Window(Home).Property(RecentMovie.4.Art(poster))]</property>
						<thumb>-</thumb>
					</item>
					<item id="5">
						<label>$INFO[Window.Property(RecentMovie.5.Title)]</label>
						<label2>$INFO[Window.Property(RecentMovie.5.Year)]</label2>
						<onclick>$INFO[Window(Home).Property(RecentMovie.5.Play)]</onclick>
						<icon>$INFO[Window(Home).Property(RecentMovie.5.Art(poster))]</icon>
						<property name="Type">BG_Orange.png</property>
						<property name="Fanart">$INFO[Window(Home).Property(RecentMovie.5.Art(fanart))]</property>
						<property name="Poster">$INFO[Window(Home).Property(RecentMovie.5.Art(poster))]</property>
						<thumb>-</thumb>
					</item>
					<item id="6">
						<label>$INFO[Window.Property(RecentMovie.6.Title)]</label>
						<label2>$INFO[Window.Property(RecentMovie.6.Year)]</label2>
						<onclick>$INFO[Window(Home).Property(RecentMovie.6.Play)]</onclick>
						<icon>$INFO[Window(Home).Property(RecentMovie.6.Art(poster))]</icon>
						<property name="Type">BG_Orange.png</property>
						<property name="Fanart">$INFO[Window(Home).Property(RecentMovie.6.Art(fanart))]</property>
						<property name="Poster">$INFO[Window(Home).Property(RecentMovie.6.Art(poster))]</property>
						<thumb>-</thumb>
					</item>
				</content>
			</control>

<!--In Progress Episodes-->
			<control type="list" id="1308">
				<posy>35</posy>
				<posx>410</posx>
				<width>205</width>
				<height>345</height>
				<onleft>1305</onleft>
				<onright>1309</onright>
				<onup>9000</onup>
				<ondown>1308</ondown>
				<orientation>verticle</orientation>
				<scrolltime>200</scrolltime>
				<defaultcontrol always="true">1</defaultcontrol>
				<visible allowhiddenfocus="true">Container(9000).HasFocus(14) + !Skin.HasSetting(homemenu.showmovies)</visible>
				<animation effect="fade" start="100" end="fade_SubMenu" condition="Control.HasFocus(9000) | Control.HasFocus(1160)">Conditional</animation>
				<animation effect="zoom" start="100" end="110" center="400,200" time="200" condition="ControlGroup(1300).HasFocus()">Conditional</animation>

			<itemlayout width="205" height="115">
				<control type="image">
					<include>SubMenu_ImageBg</include>
				</control>
				<control type="image">
					<include>SubMenu_ImageBg</include>
					<colordiffuse>Base</colordiffuse>
					<visible>ControlGroup(1300).HasFocus()</visible>
				</control>
				<control type="label">
					<posx>10</posx>
					<posy>5</posy>
					<width>200</width>
					<height>20</height>
					<label>$INFO[ListItem.Label]</label>
					<wrapmultiline>true</wrapmultiline>
					<font>SubMenu</font>
					<align>left</align>
					<angle>-</angle>
					<textcolor>White</textcolor>
					<scroll>false</scroll>
					<scrollspeed>0</scrollspeed>
					<aligny>top</aligny>
					<visible>ControlGroup(1300).HasFocus()</visible>
					<include>Fade_focus_Label</include>
				</control>
				<control type="image">
					<include>SubMenu_Bg</include>
					<aspectratio align="right">scale</aspectratio>
					<texture>$INFO[ListItem.Property(Poster)]</texture>
					<visible>ControlGroup(1300).HasFocus() + IsEmpty(ListItem.Property(Fanart))</visible>
				</control>
				<control type="image">
					<include>SubMenu_Bg</include>
					<aspectratio align="right" aligny="top">scale</aspectratio>
					<texture>$INFO[ListItem.Property(Fanart)]</texture>
					<visible>ControlGroup(1300).HasFocus()</visible>
				</control>
			</itemlayout>			
			<focusedlayout width="205" height="115">
				<!--Repeat nofocus components-->
				<control type="image">
					<include>SubMenu_ImageBg</include>
				</control>
				<control type="image">
					<include>SubMenu_Bg</include>
					<aspectratio align="right" aligny="top">scale</aspectratio>
					<texture>backgrounds/BG_White.png</texture>
					<colordiffuse>Accent</colordiffuse>
					<include>focus_SubMenuBG</include>
					<visible>ControlGroup(1300).HasFocus()</visible>
				</control>
				<control type="image">
					<include>SubMenu_ImageBg</include>
					<colordiffuse>Base</colordiffuse>
					<visible>ControlGroup(1300).HasFocus()</visible>
				</control>
				<control type="label">
					<posx>10</posx>
					<posy>5</posy>
					<width>190</width>
					<height>20</height>
					<label>$INFO[ListItem.Label]</label>
					<wrapmultiline>true</wrapmultiline>
					<font>SubMenu</font>
					<align>left</align>
					<textcolor>White</textcolor>
					<aligny>top</aligny>
					<visible>ControlGroup(1300).HasFocus()</visible>
				</control>
				<control type="image">
					<include>SubMenu_Bg</include>
					<aspectratio align="right">scale</aspectratio>
					<texture>$INFO[ListItem.Property(Poster)]</texture>
					<visible>ControlGroup(1300).HasFocus() + IsEmpty(ListItem.Property(Fanart))</visible>
				</control>
				<control type="image">
					<include>SubMenu_Bg</include>
					<aspectratio align="right" aligny="top">scale</aspectratio>
					<texture>$INFO[ListItem.Property(Fanart)]</texture>
					<visible>ControlGroup(1300).HasFocus()</visible>
				</control>				
<!--Start Focused, zoomed components-->				
				<control type="image">
					<include>SubMenu_Bg</include>
					<aspectratio align="right" aligny="top">scale</aspectratio>
					<texture>backgrounds/BG_Tinted.png</texture>
					<visible>Control.HasFocus(1308) + !IsEmpty(ListItem.Property(Poster))</visible>
				</control>
				<control type="image">
					<include>SubMenu_Bg</include>
					<aspectratio aligny="center" align="right">keep</aspectratio>
					<texture>$INFO[ListItem.Icon]</texture>
					<visible>Control.HasFocus(1308)</visible>
				</control>
				<control type="label">
					<posx>10</posx>
					<posy>5</posy>
					<width>190</width>
					<height>20</height>
					<label>$INFO[ListItem.Label]</label>
					<wrapmultiline>true</wrapmultiline>
					<font>SubMenu</font>
					<align>left</align>
					<textcolor>White</textcolor>
					<shadowcolor>TextShadow</shadowcolor>
					<aligny>top</aligny>
					<visible>Control.HasFocus(1308) + !IsEmpty(ListItem.Property(Poster))</visible>
					<include>Fade_focus_Label</include>
				</control>
				<control type="label">
					<posx>10</posx>
					<posy>95</posy>
					<width>190</width>
					<height>16</height>
					<font>SubMenu</font>
					<align>left</align>
					<textcolor>White</textcolor>
					<shadowcolor>TextShadow</shadowcolor>
					<label>$INFO[ListItem.Label2]</label>
					<visible>Control.HasFocus(1308) + !IsEmpty(ListItem.Property(Poster))</visible>
					<include>Fade_focus_Label</include>
				</control>
			</focusedlayout>
				<content>
					<item id="1">
						<label>$INFO[Window(Home).Property(RecommendedEpisode.1.TVshowTitle)] </label>
						<label2>$INFO[Window(Home).Property(RecommendedEpisode.1.Title)]</label2>
						<onclick>$INFO[Window(Home).Property(RecommendedEpisode.1.Play)]</onclick>
						<icon>$INFO[Window(Home).Property(RecommendedEpisode.1.Art(tvshow.poster))]</icon>
						<property name="Episode">$INFO[Window(Home).Property(RecommendedEpisode.1.EpisodeNo)]</property>
						<property name="Type">BG_Green.png</property>
						<property name="Fanart">$INFO[Window(Home).Property(RecommendedEpisode.1.Art(tvshow.fanart))]</property>
						<property name="Poster">$INFO[Window(Home).Property(RecommendedEpisode.1.Art(tvshow.poster))]</property>
					</item>
					<item id="2">
						<label>$INFO[Window(Home).Property(RecommendedEpisode.2.TVshowTitle)]</label>
						<label2>$INFO[Window(Home).Property(RecommendedEpisode.2.Title)]</label2>
						<onclick>$INFO[Window(Home).Property(RecommendedEpisode.2.Play)]</onclick>
						<icon>$INFO[Window(Home).Property(RecommendedEpisode.2.Art(tvshow.poster))]</icon>
						<property name="Episode">$INFO[Window(Home).Property(RecommendedEpisode.2.EpisodeNo)]</property>
						<property name="Type">BG_Green.png</property>
						<property name="Fanart">$INFO[Window(Home).Property(RecommendedEpisode.2.Art(tvshow.fanart))]</property>
						<property name="Poster">$INFO[Window(Home).Property(RecommendedEpisode.2.Art(tvshow.poster))]</property>
					</item>
					<item id="3">
						<label>$INFO[Window(Home).Property(RecommendedEpisode.3.TVshowTitle)]</label>
						<label2>$INFO[Window(Home).Property(RecommendedEpisode.3.Title)]</label2>
						<onclick>$INFO[Window(Home).Property(RecommendedEpisode.3.Play)]</onclick>
						<icon>$INFO[Window(Home).Property(RecommendedEpisode.3.Art(tvshow.poster))]</icon>
						<property name="Episode">$INFO[Window(Home).Property(RecommendedEpisode.3.EpisodeNo)]</property>
						<property name="Type">BG_Green.png</property>
						<property name="Fanart">$INFO[Window(Home).Property(RecommendedEpisode.3.Art(tvshow.fanart))]</property>
						<property name="Poster">$INFO[Window(Home).Property(RecommendedEpisode.3.Art(tvshow.poster))]</property>
					</item>
					<item id="4">
						<label>$INFO[Window(Home).Property(RecommendedEpisode.4.TVshowTitle)] </label>
						<label2>$INFO[Window(Home).Property(RecommendedEpisode.4.Title)]</label2>
						<onclick>$INFO[Window(Home).Property(RecommendedEpisode.4.Play)]</onclick>
						<icon>$INFO[Window(Home).Property(RecommendedEpisode.4.Art(tvshow.poster))]</icon>
						<property name="Episode">$INFO[Window(Home).Property(RecommendedEpisode.4.EpisodeNo)]</property>
						<property name="Type">BG_Green.png</property>
						<property name="Fanart">$INFO[Window(Home).Property(RecommendedEpisode.4.Art(tvshow.fanart))]</property>
						<property name="Poster">$INFO[Window(Home).Property(RecommendedEpisode.4.Art(tvshow.poster))]</property>
						<visible>!IsEmpty(Window(Home).Property(RecommendedEpisode.4.TVshowTitle))</visible>
					</item>
					<item id="5">
						<label>$INFO[Window(Home).Property(RecommendedEpisode.5.TVshowTitle)]</label>
						<label2>$INFO[Window(Home).Property(RecommendedEpisode.5.Title)]</label2>
						<onclick>$INFO[Window(Home).Property(RecommendedEpisode.5.Play)]</onclick>
						<icon>$INFO[Window(Home).Property(RecommendedEpisode.5.Art(tvshow.poster))]</icon>
						<property name="Episode">$INFO[Window(Home).Property(RecommendedEpisode.5.EpisodeNo)]</property>
						<property name="Type">BG_Green.png</property>
						<property name="Fanart">$INFO[Window(Home).Property(RecommendedEpisode.5.Art(tvshow.fanart))]</property>
						<property name="Poster">$INFO[Window(Home).Property(RecommendedEpisode.5.Art(tvshow.poster))]</property>
						<visible>!IsEmpty(Window(Home).Property(RecommendedEpisode.5.TVshowTitle))</visible>
					</item>
					<item id="6">
						<label>$INFO[Window(Home).Property(RecommendedEpisode.6.TVshowTitle)]</label>
						<label2>$INFO[Window(Home).Property(RecommendedEpisode.6.Title)]</label2>
						<onclick>$INFO[Window(Home).Property(RecommendedEpisode.6.Play)]</onclick>
						<icon>$INFO[Window(Home).Property(RecommendedEpisode.6.Art(tvshow.poster))]</icon>
						<property name="Episode">$INFO[Window(Home).Property(RecommendedEpisode.6.EpisodeNo)]</property>
						<property name="Type">BG_Green.png</property>
						<property name="Fanart">$INFO[Window(Home).Property(RecommendedEpisode.6.Art(tvshow.fanart))]</property>
						<property name="Poster">$INFO[Window(Home).Property(RecommendedEpisode.6.Art(tvshow.poster))]</property>
						<visible>!IsEmpty(Window(Home).Property(RecommendedEpisode.6.TVshowTitle))</visible>
					</item>
				</content>
			</control>

<!--New Episodes-->
			<control type="list" id="1309">
				<posy>35</posy>
				<posx>615</posx>
				<width>205</width>
				<height>345</height>
				<onleft>1308</onleft>
				<onright>100</onright>
				<onup>9000</onup>
				<ondown>1309</ondown>
				<orientation>verticle</orientation>
				<scrolltime>200</scrolltime>
				<defaultcontrol always="true">1</defaultcontrol>
				<visible allowhiddenfocus="true">Container(9000).HasFocus(14) + !Skin.HasSetting(homemenu.showmovies)</visible>
				<animation effect="fade" start="100" end="fade_SubMenu" condition="Control.HasFocus(9000) | Control.HasFocus(1160)">Conditional</animation>
				<animation effect="zoom" start="100" end="110" center="400,200" time="200" condition="ControlGroup(1300).HasFocus()">Conditional</animation>

			<itemlayout width="205" height="115">
				<control type="image">
					<include>SubMenu_ImageBg</include>
				</control>
				<control type="image">
					<include>SubMenu_ImageBg</include>
					<colordiffuse>Base</colordiffuse>
					<visible>ControlGroup(1300).HasFocus()</visible>
				</control>
				<control type="label">
					<posx>10</posx>
					<posy>5</posy>
					<width>200</width>
					<height>20</height>
					<label>$INFO[ListItem.Label]</label>
					<wrapmultiline>true</wrapmultiline>
					<font>SubMenu</font>
					<align>left</align>
					<angle>-</angle>
					<textcolor>White</textcolor>
					<scroll>false</scroll>
					<scrollspeed>0</scrollspeed>
					<aligny>top</aligny>
					<visible>ControlGroup(1300).HasFocus()</visible>
					<include>Fade_focus_Label</include>
				</control>
				<control type="image">
					<include>SubMenu_Bg</include>
					<aspectratio align="right">scale</aspectratio>
					<texture>$INFO[ListItem.Property(Poster)]</texture>
					<visible>ControlGroup(1300).HasFocus() + IsEmpty(ListItem.Property(Fanart))</visible>
				</control>
				<control type="image">
					<include>SubMenu_Bg</include>
					<aspectratio align="right" aligny="top">scale</aspectratio>
					<texture>$INFO[ListItem.Property(Fanart)]</texture>
					<visible>ControlGroup(1300).HasFocus()</visible>
				</control>
			</itemlayout>			
			<focusedlayout width="205" height="115">
				<!--Repeat nofocus components-->
				<control type="image">
					<include>SubMenu_ImageBg</include>
				</control>
				<control type="image">
					<include>SubMenu_Bg</include>
					<aspectratio align="right" aligny="top">scale</aspectratio>
					<texture>backgrounds/BG_White.png</texture>
					<colordiffuse>Accent</colordiffuse>
					<include>focus_SubMenuBG</include>
					<visible>ControlGroup(1300).HasFocus()</visible>
				</control>
				<control type="image">
					<include>SubMenu_ImageBg</include>
					<colordiffuse>Base</colordiffuse>
					<visible>ControlGroup(1300).HasFocus()</visible>
				</control>
				<control type="label">
					<posx>10</posx>
					<posy>5</posy>
					<width>190</width>
					<height>20</height>
					<label>$INFO[ListItem.Label]</label>
					<wrapmultiline>true</wrapmultiline>
					<font>SubMenu</font>
					<align>left</align>
					<textcolor>White</textcolor>
					<aligny>top</aligny>
					<visible>ControlGroup(1300).HasFocus()</visible>
				</control>
				<control type="image">
					<include>SubMenu_Bg</include>
					<aspectratio align="right">scale</aspectratio>
					<texture>$INFO[ListItem.Property(Poster)]</texture>
					<visible>ControlGroup(1300).HasFocus() + IsEmpty(ListItem.Property(Fanart))</visible>
				</control>
				<control type="image">
					<include>SubMenu_Bg</include>
					<aspectratio align="right" aligny="top">scale</aspectratio>
					<texture>$INFO[ListItem.Property(Fanart)]</texture>
					<visible>ControlGroup(1300).HasFocus()</visible>
				</control>				
<!--Start Focused, zoomed components-->				
				<control type="image">
					<include>SubMenu_Bg</include>
					<aspectratio align="right" aligny="top">scale</aspectratio>
					<texture>backgrounds/BG_Tinted.png</texture>
					<visible>Control.HasFocus(1309) + !IsEmpty(ListItem.Property(Poster))</visible>
				</control>
				<control type="image">
					<include>SubMenu_Bg</include>
					<aspectratio aligny="center" align="right">keep</aspectratio>
					<texture>$INFO[ListItem.Icon]</texture>
					<visible>Control.HasFocus(1309)</visible>
				</control>
				<control type="label">
					<posx>10</posx>
					<posy>5</posy>
					<width>190</width>
					<height>20</height>
					<label>$INFO[ListItem.Label]</label>
					<wrapmultiline>true</wrapmultiline>
					<font>SubMenu</font>
					<align>left</align>
					<textcolor>White</textcolor>
					<shadowcolor>TextShadow</shadowcolor>
					<aligny>top</aligny>
					<visible>Control.HasFocus(1309) + !IsEmpty(ListItem.Property(Poster))</visible>
					<include>Fade_focus_Label</include>
				</control>
				<control type="label">
					<posx>10</posx>
					<posy>95</posy>
					<width>190</width>
					<height>16</height>
					<font>SubMenu</font>
					<align>left</align>
					<textcolor>White</textcolor>
					<shadowcolor>TextShadow</shadowcolor>
					<label>$INFO[ListItem.Label2]</label>
					<visible>Control.HasFocus(1309) + !IsEmpty(ListItem.Property(Poster))</visible>
					<include>Fade_focus_Label</include>
				</control>
			</focusedlayout>
				<content>
					<item id="1">
						<label>$INFO[Window(Home).Property(RecentEpisode.1.TVshowTitle)]</label>
						<label2>$INFO[Window(Home).Property(RecentEpisode.1.Title)]</label2>
						<onclick>$INFO[Window(Home).Property(RecentEpisode.1.Play)]</onclick>
						<icon>$INFO[Window(Home).Property(RecentEpisode.1.Art(tvshow.poster))]</icon>
						<property name="Episode">$INFO[Window(Home).Property(RecentEpisode.1.EpisodeNo)]</property>
						<property name="Type">BG_Pink.png</property>
						<property name="Fanart">$INFO[Window(Home).Property(RecentEpisode.1.Art(thumb))]</property>
						<property name="Poster">$INFO[Window(Home).Property(RecentEpisode.1.Art(tvshow.poster))]</property>
						<thumb></thumb>
					</item>
					<item id="2">
						<label>$INFO[Window(Home).Property(RecentEpisode.2.TVshowTitle)]</label>
						<label2>$INFO[Window(Home).Property(RecentEpisode.2.Title)]</label2>
						<onclick>$INFO[Window(Home).Property(RecentEpisode.2.Play)]</onclick>
						<icon>$INFO[Window(Home).Property(RecentEpisode.2.Art(tvshow.poster))]</icon>
						<property name="Episode">$INFO[Window(Home).Property(RecentEpisode.2.EpisodeNo)]</property>
						<property name="Type">BG_Pink.png</property>
						<property name="Fanart">$INFO[Window(Home).Property(RecentEpisode.2.Art(thumb))]</property>
						<property name="Poster">$INFO[Window(Home).Property(RecentEpisode.2.Art(tvshow.poster))]</property>
					</item>					
					<item id="3">
						<label>$INFO[Window(Home).Property(RecentEpisode.3.TVshowTitle)]</label>
						<label2>$INFO[Window(Home).Property(RecentEpisode.3.Title)]</label2>
						<onclick>$INFO[Window(Home).Property(RecentEpisode.3.Play)]</onclick>
						<icon>$INFO[Window(Home).Property(RecentEpisode.3.Art(tvshow.poster))]</icon>
						<property name="Episode">$INFO[Window(Home).Property(RecentEpisode.3.EpisodeNo)]</property>
						<property name="Type">BG_Pink.png</property>
						<property name="Fanart">$INFO[Window(Home).Property(RecentEpisode.3.Art(thumb))]</property>
						<property name="Poster">$INFO[Window(Home).Property(RecentEpisode.3.Art(tvshow.poster))]</property>
						<thumb></thumb>
					</item>
					<item id="4">
						<label>$INFO[Window(Home).Property(RecentEpisode.4.TVshowTitle)]</label>
						<label2>$INFO[Window(Home).Property(RecentEpisode.4.Title)]</label2>
						<onclick>$INFO[Window(Home).Property(RecentEpisode.4.Play)]</onclick>
						<icon>$INFO[Window(Home).Property(RecentEpisode.4.Art(tvshow.poster))]</icon>
						<property name="Episode">$INFO[Window(Home).Property(RecentEpisode.4.EpisodeNo)]</property>
						<property name="Type">BG_Pink.png</property>
						<property name="Fanart">$INFO[Window(Home).Property(RecentEpisode.4.Art(thumb))]</property>
						<property name="Poster">$INFO[Window(Home).Property(RecentEpisode.4.Art(tvshow.poster))]</property>
						<thumb></thumb>
					</item>
					<item id="5">
						<label>$INFO[Window(Home).Property(RecentEpisode.5.TVshowTitle)]</label>
						<label2>$INFO[Window(Home).Property(RecentEpisode.5.Title)]</label2>
						<onclick>$INFO[Window(Home).Property(RecentEpisode.5.Play)]</onclick>
						<icon>$INFO[Window(Home).Property(RecentEpisode.5.Art(tvshow.poster))]</icon>
						<property name="Episode">$INFO[Window(Home).Property(RecentEpisode.5.EpisodeNo)]</property>
						<property name="Type">BG_Pink.png</property>
						<property name="Fanart">$INFO[Window(Home).Property(RecentEpisode.5.Art(thumb))]</property>
						<property name="Poster">$INFO[Window(Home).Property(RecentEpisode.5.Art(tvshow.poster))]</property>
					</item>					
					<item id="6">
						<label>$INFO[Window(Home).Property(RecentEpisode.6.TVshowTitle)]</label>
						<label2>$INFO[Window(Home).Property(RecentEpisode.6.Title)]</label2>
						<onclick>$INFO[Window(Home).Property(RecentEpisode.6.Play)]</onclick>
						<icon>$INFO[Window(Home).Property(RecentEpisode.6.Art(tvshow.poster))]</icon>
						<property name="Episode">$INFO[Window(Home).Property(RecentEpisode.6.EpisodeNo)]</property>
						<property name="Type">BG_Pink.png</property>
						<property name="Fanart">$INFO[Window(Home).Property(RecentEpisode.6.Art(thumb))]</property>
						<property name="Poster">$INFO[Window(Home).Property(RecentEpisode.6.Art(tvshow.poster))]</property>
						<thumb></thumb>
					</item>
				</content>
			</control>

<!--Weather-->
			<control type="group" id="1301">
				<posx>-</posx>
				<posy>35</posy>
				<include>Container_SubMenu</include>
				<defaultcontrol always="true">1</defaultcontrol>
				<visible allowhiddenfocus="true">Container(9000).HasFocus(14) | Control.HasFocus(1301) | Control.HasFocus(1305) | Control.HasFocus(1306) | Control.HasFocus(1307)</visible>
				<animation effect="fade" start="100" end="fade_SubMenu" condition="Control.HasFocus(9000) | Control.HasFocus(1160)">Conditional</animation>
				<animation effect="zoom" start="100" end="110" center="400,200" time="200" condition="ControlGroup(1300).HasFocus()">Conditional</animation>

				<control type="button" id="1">
					<onleft>1160</onleft>
					<onright>1305</onright>
					<onup>9000</onup>
					<ondown>-</ondown>
					<include>CommonValues_HomeStart</include>
					<texture>backgrounds/BG_White.png</texture>
					<aspectratio>stretch</aspectratio>
					<visible allowhiddenfocus="True">false</visible>
					<onclick>ActivateWindow(weather)</onclick>
				</control>
				<control type="image">
					<include>CommonValues_HomeStart</include>
					<texture>backgrounds/BG_White.png</texture>
					<aspectratio>stretch</aspectratio>
				</control>
				<control type="image">
					<height>347</height>
					<width>207</width>
					<texture>backgrounds/BG_White.png</texture>
					<aspectratio>stretch</aspectratio>
					<colordiffuse>Accent</colordiffuse>
					<!--include>Zoom_focus_SubMenuBG</include-->
					<visible>Control(1301).HasFocus(1)</visible>
				</control>
	<!--Current Weather-->
				<control type="group">
				<visible>ControlGroup(1300).HasFocus()</visible>
					<control type="multiimage">
						<include>CommonValues_HomeStart</include>
						<aspectratio>scale</aspectratio>
						<imagepath background="true">special://skin/extras/weather_480p/$INFO[Weather.FanartCode]</imagepath>
						<timeperimage>10000</timeperimage>
						<fadetime>850</fadetime>
						<randomize>true</randomize>
						<loop>yes</loop>
					</control>
					<control type="image">
						<posx>2</posx>
						<posy>150</posy>
						<height>195</height>
						<width>203</width>
						<texture>backgrounds/BG_Gradient.png</texture>
						<aspectratio>stretch</aspectratio>
					</control>
					<control type="image">
                        <posx>2</posx>
                        <posy>2</posy>
                        <height>220</height>
                        <width>203</width>
                        <texture flipy="true">backgrounds/BG_Gradient.png</texture>
                        <aspectratio>stretch</aspectratio>
                    </control>
					<control type="label">
						<posx>10</posx>
						<posy>0</posy>
						<width>200</width>
						<label>$INFO[Weather.Conditions]</label>
						<visible>Weather.IsFetched</visible>
						<font>HomeWeather</font>
						<textcolor>HomeDate</textcolor>
						<align>left</align>
					</control>
					<control type="label">
						<posx>0</posx>
						<posy>50</posy>
						<width>200</width>
						<label>$INFO[Window(weather).Property(Current.FeelsLike)]$INFO[System.TemperatureUnits]</label>
						<visible>Weather.IsFetched</visible>
						<font>HomeTemperature</font>
						<textcolor>HomeDate</textcolor>
						<align>center</align>
					</control>
				</control>
	<!--Time-->
				<control type="group">
					<visible>ControlGroup(1300).HasFocus()</visible>
					<posx>5</posx>
					<posy>250</posy>
					<control type="label">
						<posx>0</posx>
						<width>200</width>
						<height>28</height>
						<font>HomeTime</font>
						<textcolor>HomeDate</textcolor>
						<info>System.Time(hh:mm)</info>
						<align>center</align>
						<aligny>bottom</aligny>
					</control>
				</control>
	<!--Date-->
				<control type="group">
					<visible>ControlGroup(1300).HasFocus()</visible>
					<posx>10</posx>
					<posy>200</posy>
					<control type="label">
						<posx>5</posx>
						<posy>0</posy>
						<width>490</width>
						<height>13</height>
						<font>HomeDate</font>
						<textcolor>HomeDate</textcolor>
						<label>$INFO[System.Date(DDD)]</label>
						<align>left</align>
						<aligny>center</aligny>
						<visible>ControlGroup(1300).HasFocus()</visible>
					</control>
					<control type="label">
						<posx>5</posx>
						<posy>37</posy>
						<width>490</width>
						<height>13</height>
						<font>HomeDate</font>
						<textcolor>HomeDate</textcolor>
						<label>$INFO[System.Date(MMM)] $INFO[System.Date(d)]</label>
						<align>left</align>
						<aligny>center</aligny>
						<visible>ControlGroup(1300).HasFocus()</visible>
					</control>
				</control>
			</control>

<!--Favorites-->
			<control type="list" id="1305">
				<posy>35</posy>
				<posx>205</posx>
				<width>205</width>
				<height>345</height>
				<onback>9000</onback>
				<onright condition="!Skin.HasSetting(homemenu.showmovies)">1308</onright>
				<onright condition="Skin.HasSetting(homemenu.showmovies)">1306</onright>
				<onleft>1301</onleft>
				<onup>9000</onup>
				<ondown>-</ondown>
				<orientation>verticle</orientation>
				<scrolltime>200</scrolltime>
				<defaultcontrol always="true">1</defaultcontrol>
				<visible allowhiddenfocus="False">Container(9000).HasFocus(14) | Control.HasFocus(1305)</visible>
				<animation effect="fade" start="100" end="fade_SubMenu" condition="Control.HasFocus(9000) | Control.HasFocus(1160)">Conditional</animation>
				<animation effect="zoom" start="100" end="110" center="400,200" time="200" condition="ControlGroup(1300).HasFocus()">Conditional</animation>

			<itemlayout width="205" height="115">
				<control type="image">
					<include>SubMenu_ImageBg</include>
				</control>
				<control type="image">
					<include>SubMenu_ImageBg</include>
					<colordiffuse>Base</colordiffuse>
					<visible>ControlGroup(1300).HasFocus()</visible>
				</control>
				<control type="image">
					<include>SubMenu_Bg</include>
					<aspectratio align="center" aligny="top">scale</aspectratio>
					<texture>$INFO[ListItem.Icon]</texture>
					<visible>ControlGroup(1300).HasFocus()</visible>
				</control>
			</itemlayout>
			<focusedlayout width="205" height="115">
<!--Repeat nofocus components-->
				<control type="image">
					<include>SubMenu_ImageBg</include>
				</control>			
				<control type="image">
					<include>SubMenu_Bg</include>
					<aspectratio align="center" aligny="top">scale</aspectratio>
					<texture>$INFO[ListItem.Icon]</texture>
					<visible>ControlGroup(1300).HasFocus()</visible>
				</control>
				
<!--Start Focused, zoomed components-->				
				<control type="image">
					<include>SubMenu_Bg</include>
					<aspectratio align="right" aligny="top">scale</aspectratio>
					<texture>backgrounds/BG_White.png</texture>
					<colordiffuse>Accent</colordiffuse>
					<include>focus_SubMenuBG</include>
					<visible>ControlGroup(1300).HasFocus()</visible>
				</control>
				<control type="image">
					<include>SubMenu_ImageBg</include>
					<colordiffuse>Base</colordiffuse>
					<visible>ControlGroup(1300).HasFocus()</visible>
				</control>
				<control type="image">
					<include>SubMenu_Bg</include>
					<aspectratio align="center" aligny="top">scale</aspectratio>
					<texture>$INFO[ListItem.Icon]</texture>
					<visible>ControlGroup(1300).HasFocus()</visible>
				</control>
				<control type="image">
					<include>SubMenu_Bg</include>
					<aspectratio align="right" aligny="top">scale</aspectratio>
					<texture>backgrounds/BG_Tinted.png</texture>
					<visible>Control.HasFocus(1305)</visible>
				</control>
				<control type="image">
					<include>SubMenu_Bg</include>
					<aspectratio aligny="center" align="right">keep</aspectratio>
					<texture>$INFO[ListItem.Icon]</texture>
					<include>Fade_focus_SubMenu</include>
					<visible>Control.HasFocus(1305)</visible>
				</control>
				<control type="label">
					<posx>5</posx>
					<posy>5</posy>
					<width>200</width>
					<height>20</height>
					<label>$INFO[ListItem.Label]</label>
					<wrapmultiline>true</wrapmultiline>
					<font>SubMenu</font>
					<align>left</align>
					<angle>-</angle>
					<textcolor>White</textcolor>
					<scroll>false</scroll>
					<scrollspeed>0</scrollspeed>
					<aligny>top</aligny>
					<visible>Control.HasFocus(1305)</visible>
					<include>Fade_focus_Label</include>
				</control>
				<control type="label">
					<posx>10</posx>
					<posy>95</posy>
					<width>190</width>
					<height>16</height>
					<font>SubMenu</font>
					<align>left</align>
					<textcolor>White</textcolor>
					<label>$INFO[ListItem.Label2]</label>
					<visible>Control.HasFocus(1305)</visible>
					<include>ZoomFade_focus_SubMenu_Label</include>
				</control>
			</focusedlayout>
				<content>
					<item id="1">
						<label>$INFO[Window.Property(favourite.1.name)]</label>
						<onclick>$INFO[Window.Property(favourite.1.Path)]</onclick>
						<icon>$INFO[Window.Property(favourite.1.thumb)]</icon>
					</item>
					<item id="2">
						<label>$INFO[Window.Property(favourite.2.name)]</label>
						<onclick>$INFO[Window.Property(favourite.2.Path)]</onclick>
						<icon>$INFO[Window.Property(favourite.2.thumb)]</icon>
					</item>
					<item id="3">
						<label>$INFO[Window.Property(favourite.3.name)]</label>
						<onclick>$INFO[Window.Property(favourite.3.Path)]</onclick>
						<icon>$INFO[Window.Property(favourite.3.thumb)]</icon>
					</item>
					<item id="4">
						<label>$INFO[Window.Property(favourite.4.name)]</label>
						<onclick>$INFO[Window.Property(favourite.4.Path)]</onclick>
						<icon>$INFO[Window.Property(favourite.4.thumb)]</icon>
						<visible>!IsEmpty(Window.Property(favourite.4.path))</visible>
					</item>
					<item id="5">
						<label>$INFO[Window.Property(favourite.5.name)]</label>
						<onclick>$INFO[Window.Property(favourite.5.Path)]</onclick>
						<icon>$INFO[Window.Property(favourite.5.thumb)]</icon>
						<visible>!IsEmpty(Window.Property(favourite.5.path))</visible>
					</item>
					<item id="6">
						<label>$INFO[Window.Property(favourite.6.name)]</label>
						<onclick>$INFO[Window.Property(favourite.6.Path)]</onclick>
						<icon>$INFO[Window.Property(favourite.6.thumb)]</icon>
						<visible>!IsEmpty(Window.Property(favourite.6.path))</visible>
					</item>
					<item id="7">
						<label>$INFO[Window.Property(favourite.7.name)]</label>
						<onclick>$INFO[Window.Property(favourite.7.Path)]</onclick>
						<icon>$INFO[Window.Property(favourite.7.thumb)]</icon>
						<visible>!IsEmpty(Window.Property(favourite.7.path))</visible>
					</item>
					<item id="8">
						<label>$INFO[Window.Property(favourite.8.name)]</label>
						<onclick>$INFO[Window.Property(favourite.8.Path)]</onclick>
						<icon>$INFO[Window.Property(favourite.8.thumb)]</icon>
						<visible>!IsEmpty(Window.Property(favourite.8.path))</visible>
					</item>
				</content>
			</control>	

<!--Hinting Arrows-->
			<control type="group">
				<posy>403</posy>
	<!--Favorites Hints-->
			<control type="group">
				<posx>200</posx>
				<control type="button">
					<description>down Arrow</description>
					<posx>0</posx>
					<posy></posy>
					<width>15</width>
					<height>15</height>
					<texturefocus flipy="true" >icons/icon_Hintup.png</texturefocus>
					<texturenofocus flipy="true" >icons/icon_Hintup.png</texturenofocus>
					<onclick>Control.Move(1305,-1)</onclick>
					<visible>Control.HasFocus(1305) + Container(1305).HasNext</visible>
					<include>fadeinout</include>
					</control>
				<control type="button">
					<description>up Arrow</description>
					<posx>20</posx>
					<posy></posy>
					<width>15</width>
					<height>15</height>
					<texturefocus flipx="false" >icons/icon_Hintup.png</texturefocus>
					<texturenofocus flipx="false" >icons/icon_Hintup.png</texturenofocus>
					<onclick>Control.Move(1305,1)</onclick>
					<visible>Control.HasFocus(1305) + Container(1305).HasPrevious</visible>
					<include>fadeinout</include>
				</control>
			</control>
			
	<!--In Progress TV Hints-->
			<control type="group">
				<posx>425</posx>
				<control type="button">
					<description>down Arrow</description>
					<posx>0</posx>
					<posy></posy>
					<width>15</width>
					<height>15</height>
					<texturefocus flipy="true" >icons/icon_Hintup.png</texturefocus>
					<texturenofocus flipy="true" >icons/icon_Hintup.png</texturenofocus>
					<onclick>Control.Move(1308,-1)</onclick>
					<visible>Control.HasFocus(1308) + Container(1308).HasNext</visible>
					<include>fadeinout</include>
					</control>
				<control type="button">
					<description>up Arrow</description>
					<posx>20</posx>
					<posy></posy>
					<width>15</width>
					<height>15</height>
					<texturefocus flipx="false" >icons/icon_Hintup.png</texturefocus>
					<texturenofocus flipx="false" >icons/icon_Hintup.png</texturenofocus>
					<onclick>Control.Move(1308,1)</onclick>
					<visible>Control.HasFocus(1308) + Container(1308).HasPrevious</visible>
					<include>fadeinout</include>
				</control>
			</control>
			
	<!--NEW TV Hints-->
			<control type="group">
				<posx>650</posx>
				<control type="button">
					<description>down Arrow</description>
					<posx>0</posx>
					<posy></posy>
					<width>15</width>
					<height>15</height>
					<texturefocus flipy="true" >icons/icon_Hintup.png</texturefocus>
					<texturenofocus flipy="true" >icons/icon_Hintup.png</texturenofocus>
					<onclick>Control.Move(1309,-1)</onclick>
					<visible>Control.HasFocus(1309) + Container(1309).HasNext</visible>
					<include>fadeinout</include>
					</control>
				<control type="button">
					<description>up Arrow</description>
					<posx>20</posx>
					<posy></posy>
					<width>15</width>
					<height>15</height>
					<texturefocus flipx="false" >icons/icon_Hintup.png</texturefocus>
					<texturenofocus flipx="false" >icons/icon_Hintup.png</texturenofocus>
					<onclick>Control.Move(1309,1)</onclick>
					<visible>Control.HasFocus(1309) + Container(1309).HasPrevious</visible>
					<include>fadeinout</include>
				</control>
			</control>
			
	<!--In Progress Movies Hints-->
			<control type="group">
				<posx>425</posx>
				<control type="button">
					<description>down Arrow</description>
					<posx>0</posx>
					<posy></posy>
					<width>15</width>
					<height>15</height>
					<texturefocus flipy="true" >icons/icon_Hintup.png</texturefocus>
					<texturenofocus flipy="true" >icons/icon_Hintup.png</texturenofocus>
					<onclick>Control.Move(1306,-1)</onclick>
					<visible>Control.HasFocus(1306) + Container(1306).HasNext</visible>
					<include>fadeinout</include>
					</control>
				<control type="button">
					<description>up Arrow</description>
					<posx>20</posx>
					<posy></posy>
					<width>15</width>
					<height>15</height>
					<texturefocus flipx="false" >icons/icon_Hintup.png</texturefocus>
					<texturenofocus flipx="false" >icons/icon_Hintup.png</texturenofocus>
					<onclick>Control.Move(1306,1)</onclick>
					<visible>Control.HasFocus(1306) + Container(1306).HasPrevious</visible>
					<include>fadeinout</include>
				</control>
			</control>
			
	<!--NEW Movies Hints-->
			<control type="group">
				<posx>650</posx>
				<control type="button">
					<description>down Arrow</description>
					<posx>0</posx>
					<posy></posy>
					<width>15</width>
					<height>15</height>
					<texturefocus flipy="true" >icons/icon_Hintup.png</texturefocus>
					<texturenofocus flipy="true" >icons/icon_Hintup.png</texturenofocus>
					<onclick>Control.Move(1307,-1)</onclick>
					<visible>Control.HasFocus(1307) + Container(1307).HasNext</visible>
					<include>fadeinout</include>
					</control>
				<control type="button">
					<description>up Arrow</description>
					<posx>20</posx>
					<posy></posy>
					<width>15</width>
					<height>15</height>
					<texturefocus flipx="false" >icons/icon_Hintup.png</texturefocus>
					<texturenofocus flipx="false" >icons/icon_Hintup.png</texturenofocus>
					<onclick>Control.Move(1307,1)</onclick>
					<visible>Control.HasFocus(1307) + Container(1307).HasPrevious</visible>
					<include>fadeinout</include>
				</control>
			</control>
			</control>

		</control>
	</include>
</includes>
