﻿<includes>
	<include name="dialogWindow">
		<texture>backgrounds/BG_White.png</texture>
		<colordiffuse>DialogBackground</colordiffuse>
	</include>
	<include name="OSDWindow">
		<texture>backgrounds/BG_White.png</texture>
		<colordiffuse>OSDBackground</colordiffuse>
	</include>
	<include name="dialog_Windowtitle">
		<posx>-</posx>
		<posy>10</posy>
		<font>Large</font>
		<align>center</align>
		<aligny>center</aligny>
		<height>40</height>
		<textcolor>Accent</textcolor>
		<scroll>false</scroll>
	</include>
	<include name="dialog_CommonListItem">
		<posx>15</posx>
		<height>35</height>
		<font>SmallLow</font>
		<aligny>center</aligny>
		<textcolor>Label</textcolor>
		<selectedcolor>Selected</selectedcolor>
	</include>
	<include name="dialog_CommonList">
		<height>40</height>
		<texture border="3">dialogs/list-nofocus.png</texture>
	</include>
	<include name="dialog_CommonListItemFocus">
		<posx>15</posx>
		<height>35</height>
		<font>SmallLow</font>
		<aligny>center</aligny>
		<textcolor>Label</textcolor>
		<selectedcolor>Selected</selectedcolor>
		<include>autoscroll-line</include>
	</include>
	<include name="dialog_CommonListFocus">
		<height>40</height>
		<texture border="3">dialogs/list-focus.png</texture>
	</include>
	<include name="dialog_Button-context">
		<height>38</height>
		<font>SmallLow</font>
		<textoffsety>4</textoffsety>
		<textoffsetx>20</textoffsetx>
		<textcolor>Label</textcolor>
		<focusedcolor>Focused</focusedcolor>
		<texturenofocus border="0">buttons/ButtonNF.png</texturenofocus>
		<texturefocus border="0">buttons/ButtonFO.png</texturefocus>
	</include>
	<include name="dialog_Button">	
		<width>120</width>
		<height>41</height>
		<font>SmallLow</font>
		<align>center</align>
		<aligny>-</aligny>
		<textoffsety>5</textoffsety>
		<texturenofocus border="14">buttons/ButtonNF.png</texturenofocus>
		<texturefocus border="20,16,20,16">buttons/ButtonFO.png</texturefocus>
		<textcolor>Label</textcolor>
		<focusedcolor>Focused</focusedcolor>
	</include>
	<include name="dialog_Button-keyboard">
		<font>SmallLow</font>
		<texturenofocus border="14">dialogs/keyboard.png</texturenofocus>
		<texturefocus border="20,16,20,16">dialogs/keyboard-focus.png</texturefocus>
		<textcolor>Label</textcolor>
		<focusedcolor>Focused</focusedcolor>
		<width>48</width>
		<height>48</height>
		<align>center</align>
		<textoffsety>9</textoffsety>
	</include>
	<include name="dialog_Button-list">
		<textcolor>Label</textcolor>
		<focusedcolor>Focused</focusedcolor>
		<font>SmallLow</font>
		<textoffsetx>15</textoffsetx>
		<textoffsety>5</textoffsety>
		<height>40</height>
		<pulseonselect>false</pulseonselect>
		<texturefocus border="3">buttons/ButtonFO.png</texturefocus>
		<texturenofocus border="3">buttons/ButtonNF.png</texturenofocus>
	</include>
	<include name="dialog_Button-inline">	
		<width>40</width>
		<height>40</height>
		<font>SmallLow</font>
		<align>center</align>
		<aligny>-</aligny>
		<textoffsety>5</textoffsety>
		<textcolor>Label</textcolor>
		<focusedcolor>Focused</focusedcolor>
	</include>
	<include name="seekbar_Label">
		<width>300</width>
		<height>40</height>
		<align>center</align>
		<aligny>center</aligny>
		<font>SmallLow</font>
		<textcolor>Label</textcolor>
	</include>
	<include name="seekbar_Label-Info">
		<width>200</width>
		<align>right</align>
		<font>SmallLow</font>
		<textcolor>Label</textcolor>
	</include>
	<include name="dialog_Line">
		<posx>34</posx>
		<height>22</height>
		<align>center</align>
		<aligny>center</aligny>
		<font>SmallLow</font>
		<textcolor>Label</textcolor>
		<scroll>false</scroll>
	</include>
	<include name="dialog_Label">
		<height>40</height>
		<aligny>center</aligny>
		<font>SmallLow</font>
		<textcolor>Label</textcolor>
		<textoffsetx>15</textoffsetx>
		<textoffsety>10</textoffsety>
	</include>
	<include name="dialog_Label-bold">
		<height>40</height>
		<aligny>center</aligny>
		<font>SmallLow</font>
		<textcolor>Label</textcolor>
		<textoffsetx>15</textoffsetx>
		<textoffsety>10</textoffsety>
	</include>
	<include name="dialog_Label-pages">
		<font>SmallLow</font>
		<height>40</height>
		<align>center</align>
		<aligny>center</aligny>
		<textcolor>Label</textcolor>
	</include>
	<include name="dialog_Textbox">
		<aligny>top</aligny>
		<font>SmallLow</font>
		<textcolor>Label</textcolor>
	</include>
	<include name="dialog_Radio">
		<textcolor>Label</textcolor>
		<focusedcolor>Focused</focusedcolor>
		<font>SmallLow</font>
		<height>40</height>
		<texturefocus border="3">buttons/ButtonFO.png</texturefocus>
		<texturenofocus border="3">buttons/list-nofocus.png</texturenofocus>
		<textureradiofocus>buttons/RadioButtonFO.png</textureradiofocus>
		<textureradionofocus>buttons/RadioButtonNF.png</textureradionofocus>
		<radioheight>24</radioheight>
		<radiowidth>48</radiowidth>
		<textoffsetx>15</textoffsetx>
		<textoffsety>6</textoffsety>
		<pulseonselect>false</pulseonselect>
	</include>
	<include name="dialog_Spin">
		<height>40</height>
		<textcolor>Label</textcolor>
		<textoffsetx>15</textoffsetx>
		<focusedcolor>Focused</focusedcolor>
		<font>SmallLow</font>
		<textoffsetx>15</textoffsetx>
		<textoffsety>-2</textoffsety>
		<aligny>center</aligny>
		<spinwidth>26</spinwidth>
		<spinheight>26</spinheight>
		<texturefocus border="3">dialogs/list-focus.png</texturefocus>
		<texturenofocus border="3">dialogs/list-nofocus.png</texturenofocus>
		<textureup>dialogs/scrollUp.png</textureup>
		<texturedown>dialogs/scrollDown.png</texturedown>
		<textureupfocus>dialogs/scrollUp-focus.png</textureupfocus>
		<texturedownfocus>dialogs/scrollDown-focus.png</texturedownfocus>
	</include>
	<include name="dialog_Slider">
		<sliderwidth>210</sliderwidth>
		<sliderheight>32</sliderheight>
		<font>SmallLow</font>
		<height>40</height>
		<textcolor>label</textcolor>
		<focusedcolor>Focused</focusedcolor>
		<textoffsetx>15</textoffsetx>
		<pulseonselect>false</pulseonselect>
		<texturefocus border="3">dialogs/list-focus.png</texturefocus>
		<texturenofocus border="3">dialogs/list-nofocus.png</texturenofocus>
		<texturesliderbar>OSD/slider_bg.png</texturesliderbar>
		<textureslidernib>OSD/sliderNibNF.png</textureslidernib>
		<textureslidernibfocus>OSD/SliderNibFO.png</textureslidernibfocus>
	</include>
	<include name="dialog_Separator">
		<height>1</height>
		<texture>dialogs/separator.png</texture>
	</include>
	<include name="dialog_Separator-y">
		<width>1</width>
		<texture>dialogs/separator-y.png</texture>
	</include>
	<include name="dialog_Input">	
		<height>40</height>
		<font>SmallLow</font>
		<align>center</align>
		<textoffsety>5</textoffsety>
		<texturenofocus border="10,0,10,0">dialogs/textField.png</texturenofocus>
		<texturefocus border="10,0,10,0">dialogs/textFieldFocus.png</texturefocus>
		<textcolor>Label</textcolor>
		<focusedcolor>Focused</focusedcolor>
		<pulseonselect>false</pulseonselect>
	</include>
	<include name="dialog_PVRstatus">
		<width>22</width>
		<height>22</height>
		<colordiffuse>DialogBackground</colordiffuse>
	</include>
	<include name="dialog_PVRstatus-focus">
		<width>22</width>
		<height>22</height>
		<colordiffuse>Accent</colordiffuse>
	</include>
</includes>