﻿<?xml version="1.0" encoding="UTF-8"?>
<!-- Foundation -->
<window id="131">
    <defaultcontrol always="true">5</defaultcontrol>
    <allowoverlay>yes</allowoverlay>
    <controls>
        <include>GlobalOverlay</include>
        <control type="group">
            <posx>340</posx>
            <posy>140</posy>
            <control type="image">
                <posx>-20</posx>
                <posy>-20</posy>
                <width>640</width>
                <height>496</height>
                <texture border="15">other_textures/ContentPanel.png</texture>
            </control>
            <control type="label">
                <description>Header Label</description>
                <posx>10</posx>
                <width>560</width>
                <label>20043</label>
                <font>Medium</font>
                <shadowcolor>black</shadowcolor>
                <align>center</align>
            </control>
            <control type="grouplist" id="5">
                <description>Control Area</description>
                <posx>10</posx>
                <posy>88</posy>
                <height>274</height>
                <width>580</width>
                <itemgap>2</itemgap>
                <orientation>vertical</orientation>
                <onleft>28</onleft>
                <onright>28</onright>
                <onup>28</onup>
                <ondown>28</ondown>
            </control>
            <control type="button" id="7">
                <description>button</description>
                <width>580</width>
                <align>left</align>
            </control>
            <control type="radiobutton" id="8">
                <description>radio_button</description>
                <width>580</width>
                <align>left</align>
            </control>
            <control type="spincontrolex" id="9">
                <description>spin_controlex</description>
                <width>580</width>
                <align>left</align>
            </control>
            <control type="sliderex" id="10">
                <description>slider</description>
                <width>580</width>
                <align>left</align>
            </control>
            <control type="button" id="28">
                <description>Ok</description>
                <posx>90</posx>
                <posy>392</posy>
                <width>160</width>
                <label>186</label>
                <onleft>5</onleft>
                <onright>29</onright>
                <onup>5</onup>
                <ondown>5</ondown>
            </control>
            <control type="button" id="29">
                <description>Cancel</description>
                <posx>350</posx>
                <posy>392</posy>
                <width>160</width>
                <label>222</label>
                <onleft>28</onleft>
                <onright>5</onright>
                <onup>5</onup>
                <ondown>5</ondown>
            </control>
        </control>
    </controls>
</window>