<window>
	<defaultcontrol always="true">50</defaultcontrol>
	<allowoverlay>no</allowoverlay>
	<onload condition="!Skin.HasSetting(FirstTimeRun)">ActivateWindow(1112)</onload>
	<onload condition="Window.Previous(home) + !Skin.HasSetting(DisabledSplash)">ActivateWindow(60)</onload>
	<controls>

		<!-- Background -->
		<control type="group">
			<include>GlobalBackground</include>
			<control type="multiimage">
				<posx>0</posx>
				<posy>0</posy>
				<width>1280</width>
				<height>720</height>
				<imagepath background="true">special://skin/extras/weather_720p/$INFO[Weather.FanartCode]</imagepath>
				<timeperimage>10000</timeperimage>
				<randomize>true</randomize>
				<fadetime>1000</fadetime>
				<visible>true</visible>
				<animation effect="fade" time="200">WindowClose</animation>
			</control>
			<include>GlobalOverlay</include>
		</control>

		<!--Menu Hint-->
		<control type="group">
			<posx>0</posx>
			<posy>360</posy>
			<control type="image">
				<posx>-10</posx>
				<posy>-25</posy>
				<width>25</width>
				<height>50</height>
				<texture border="10">backgrounds/menu_HintLH.png</texture>
				<colordiffuse>SettingsHint</colordiffuse>
			</control>
			<control type="image">
				<posx>2</posx>
				<posy>-5</posy>
				<width>10</width>
				<height>10</height>
				<texture>icons/icon_Settings.png</texture>
				<colordiffuse>Title</colordiffuse>
			</control>
		</control>

		<control type="group">
			<animation type="WindowOpen" reversible="false">
				<effect type="zoom" start="80" end="100" center="640,360" easing="out" tween="back" time="300" />
				<effect type="fade" start="0" end="100" time="300" />
			</animation>
			<animation type="WindowClose" reversible="false">
				<effect type="zoom" start="100" end="80" center="640,360" easing="in" tween="back" time="300" />
				<effect type="fade" start="100" end="0" time="300" />
			</animation>

			<!-- Current Weather -->	
			<control type="group">
				<posx>60</posx>
				<posy>100</posy>
				<animation type="Conditional" condition="ControlGroup(5000).HasFocus()">
					<effect type="zoom" start="100" end="80" center="640,360" easing="in" tween="back" time="300" />
					<effect type="fade" start="100" end="0" time="300" />
				</animation>
				<control type="image">
					<posx>0</posx>
					<posy>0</posy>
					<width>500</width>
					<height>580</height>
					<texture>backgrounds/BG_White.png</texture>
					<colordiffuse>WeatherDiffuse</colordiffuse>
				</control>
				<control type="label">
					<description>Current Conditions label</description>
					<posx>20</posx>
					<posy>13</posy>
					<width>460</width>
					<height>30</height>
					<font>Title</font>
					<label>Current Conditions</label>
					<align>center</align>
					<aligny>center</aligny>
					<textcolor>WeatherText</textcolor>
					<shadowcolor>-</shadowcolor>
				</control>
				<control type="label">
					<description>update label</description>
					<posx>20</posx>
					<posy>40</posy>
					<width>460</width>
					<height>35</height>
					<font>XSmall</font>
					<label>Updated - $INFO[Window.Property(Updated)]</label>
					<align>center</align>
					<aligny>center</aligny>
					<textcolor>WeatherText</textcolor>
				</control>
				<control type="label">
					<description>current temp Value</description>
					<posx>195</posx>
					<posy>135</posy>
					<width>180</width>
					<height>40</height>
					<font>Temperature</font>
					<align>right</align>
					<aligny>top</aligny>
					<label>$INFO[Window.Property(Current.Temperature)]</label>
					<textcolor>WeatherText</textcolor>
					<shadowcolor>-</shadowcolor>
				</control>
				<control type="label">
					<description>current temp Value Units</description>
					<posx>190</posx>
					<posy>145</posy>
					<width>100</width>
					<height>40</height>
					<font>Medium</font>
					<align>left</align>
					<aligny>top</aligny>
					<label>$INFO[System.TemperatureUnits]</label>
					<textcolor>WeatherText2</textcolor>
				</control>
				<control type="image">
					<description>current weather icon</description>
					<posx>230</posx>
					<posy>100</posy>
					<width>230</width>
					<height>200</height>
					<texture>$INFO[Window(weather).Property(Current.FanartCode),special://skin/extras/weather_icon/,.png]</texture>
					<aspectratio>keep</aspectratio>
				</control>
				<control type="label">
					<description>current condition label</description>
					<posx>20</posx>
					<posy>300</posy>
					<width>460</width>
					<height>30</height>
					<info>Window.Property(Current.Condition)</info>
					<wrapmultiline>true</wrapmultiline>
					<font>SmallLow</font>
					<align>center</align>
					<aligny>center</aligny>
					<textcolor>WeatherText2</textcolor>
					<shadowcolor>-</shadowcolor>
				</control>
				<control type="image">
					<posx>20</posx>
					<posy>350</posy>
					<width>460</width>
					<height>4</height>
					<texture>dialogs/separator.png</texture>
					<colordiffuse>Accent</colordiffuse>
				</control>
				<control type="label">
					<description>current feels like label</description>
					<posx>170</posx>
					<posy>370</posy>
					<width>170</width>
					<height>35</height>
					<font>SubTitle</font>
					<align>right</align>
					<aligny>center</aligny>
					<label>$LOCALIZE[402] :</label>
					<textcolor>WeatherText</textcolor>
					<shadowcolor>-</shadowcolor>
				</control>
				<control type="label">
					<description>current dew label</description>
					<posx>170</posx>
					<posy>400</posy>
					<width>170</width>
					<height>35</height>
					<font>Small</font>
					<align>right</align>
					<aligny>center</aligny>
					<label>$LOCALIZE[405] :</label>
					<textcolor>WeatherText</textcolor>
					<shadowcolor>-</shadowcolor>
				</control>
				<control type="label">
					<description>current humidity label</description>
					<posx>170</posx>
					<posy>430</posy>
					<width>170</width>
					<height>35</height>
					<font>Small</font>
					<align>right</align>
					<aligny>center</aligny>
					<label>$LOCALIZE[406] :</label>
					<textcolor>WeatherText</textcolor>
					<shadowcolor>-</shadowcolor>
				</control>
				<control type="label">
					<description>current UV Index label</description>
					<posx>170</posx>
					<posy>460</posy>
					<width>170</width>
					<height>35</height>
					<font>Small</font>
					<align>right</align>
					<aligny>center</aligny>
					<label>$LOCALIZE[403] :</label>
					<textcolor>WeatherText</textcolor>
					<shadowcolor>-</shadowcolor>
				</control>
				<control type="label">
					<description>current Wind label</description>
					<posx>170</posx>
					<posy>490</posy>
					<width>170</width>
					<height>35</height>
					<font>Small</font>
					<align>right</align>
					<aligny>center</aligny>
					<label>$LOCALIZE[404] :</label>
					<textcolor>WeatherText</textcolor>
					<shadowcolor>-</shadowcolor>
				</control>
				<control type="label">
					<description>current feels like Value</description>
					<posx>185</posx>
					<posy>370</posy>
					<width>300</width>
					<height>35</height>
					<font>Small</font>
					<align>left</align>
					<aligny>center</aligny>
					<label>$INFO[Window.Property(Current.FeelsLike)]$INFO[System.TemperatureUnits]</label>
					<textcolor>WeatherText2</textcolor>
					<shadowcolor>-</shadowcolor>
				</control>
				<control type="label">
					<description>current dew Value</description>
					<posx>185</posx>
					<posy>400</posy>
					<width>300</width>
					<height>35</height>
					<font>Small</font>
					<align>left</align>
					<aligny>center</aligny>
					<label>$INFO[Window.Property(Current.DewPoint)]$INFO[System.TemperatureUnits]</label>
					<textcolor>WeatherText2</textcolor>
					<shadowcolor>-</shadowcolor>
				</control>
				<control type="label">
					<description>current humidity Value</description>
					<posx>185</posx>
					<posy>430</posy>
					<width>300</width>
					<height>35</height>
					<font>Small</font>
					<align>left</align>
					<aligny>center</aligny>
					<info>Window.Property(Current.Humidity)</info>
					<textcolor>WeatherText2</textcolor>
					<shadowcolor>-</shadowcolor>
				</control>
				<control type="label">
					<description>current UV Index Value</description>
					<posx>185</posx>
					<posy>460</posy>
					<width>300</width>
					<height>35</height>
					<font>Small</font>
					<align>left</align>
					<aligny>center</aligny>
					<info>Window.Property(Current.UVIndex)</info>
					<textcolor>WeatherText2</textcolor>
					<shadowcolor>-</shadowcolor>
				</control>
				<control type="label">
					<description>current Wind Value</description>
					<posx>185</posx>
					<posy>490</posy>
					<width>300</width>
					<height>35</height>
					<font>Small</font>
					<align>left</align>
					<aligny>center</aligny>
					<info>Window.Property(Current.Wind)</info>
					<textcolor>WeatherText2</textcolor>
					<shadowcolor>-</shadowcolor>
				</control>
				<control type="group">
					<posy>530</posy>
					<visible>StringCompare(Weather.Plugin,weather.wunderground) + !IsEmpty(Window.Property(36Hour.IsFetched))</visible>
					<control type="label">
						<description>Sunrise Label</description>
						<posx>30</posx>						
						<width>300</width>
						<height>35</height>
						<font>Small</font>
						<align>left</align>
						<aligny>center</aligny>
						<label>$LOCALIZE[33027] : [COLOR=WeatherText2]$INFO[Window.Property(Today.Sunrise)][/COLOR]</label>
						<textcolor>WeatherText</textcolor>
						<shadowcolor>-</shadowcolor>
					</control>
					<control type="label">
						<description>Sunset label</description>
						<posx>470</posx>
						<width>300</width>
						<height>35</height>
						<font>Small</font>
						<align>right</align>
						<aligny>center</aligny>
						<label>$LOCALIZE[33028] : [COLOR=WeatherText2]$INFO[Window.Property(Today.Sunset)][/COLOR]</label>
						<textcolor>WeatherText</textcolor>
						<shadowcolor>-</shadowcolor>
					</control>
				</control>
			</control>

			<!-- Forecast without Weather Underground Plugin -->	
			<control type="group">
				<visible>true</visible>
				<posx>580</posx>
				<posy>100</posy>
				<control type="image">
					<posx>20</posx>
					<posy>0</posy>
					<width>620</width>
					<height>580</height>
					<texture>backgrounds/BG_White.png</texture>
					<colordiffuse>WeatherDiffuse</colordiffuse>
				</control>

				<control type="label">
					<description>header label</description>
					<posx>20</posx>
					<posy>5</posy>
					<width>610</width>
					<height>30</height>
					<font>Title</font>
					<label>10508</label>
					<align>center</align>
					<aligny>center</aligny>
					<textcolor>Title</textcolor>
					<shadowcolor>-</shadowcolor>
				</control>
				<control type="list" id="50">
					<posx>15</posx>
					<posy>45</posy>
					<width>625</width>
					<height>530</height>
					<onleft>5000</onleft>
					<onright>61</onright>
					<onup>50</onup>
					<ondown>50</ondown>
					<viewtype label="535">list</viewtype>
					<pagecontrol>61</pagecontrol>
					<scrolltime>200</scrolltime>
					<itemlayout height="135" width="620">
						<control type="image">
							<posx>20</posx>
							<posy>133</posy>
							<width>600</width>
							<height>2</height>
							<texture>dialogs/separator.png</texture>
							<colordiffuse>Accent</colordiffuse>
						</control>
						<control type="label">
							<posx>300</posx>
							<posy>5</posy>
							<width>300</width>
							<height>25</height>
							<font>SmallLow</font>
							<textcolor>white</textcolor>
							<shadowcolor>-</shadowcolor>
							<selectedcolor>selected</selectedcolor>
							<align>center</align>
							<aligny>center</aligny>
							<label>$INFO[ListItem.Label]</label>
						</control>
						<control type="image">
							<posx>460</posx>
							<posy>0</posy>
							<width>135</width>
							<height>135</height>
							<aspectratio>keep</aspectratio>
							<texture>$INFO[ListItem.ActualIcon]</texture>
						</control>
						<control type="label">
							<posx>30</posx>
							<posy>35</posy>
							<width>390</width>
							<height>30</height>
							<font>Small</font>
							<textcolor>Accent</textcolor>
							<shadowcolor>-</shadowcolor>
							<selectedcolor>selected</selectedcolor>
							<align>left</align>
							<aligny>center</aligny>
							<label>[COLOR=SubTitle]$LOCALIZE[419] : [/COLOR]$INFO[ListItem.Property(HighTemp)]$INFO[ListItem.Property(TempUnits)]     [COLOR=SubTitle]$LOCALIZE[418] : [/COLOR]$INFO[ListItem.Property(LowTemp)]$INFO[ListItem.Property(TempUnits)]</label>
							<visible>!IsEmpty(ListItem.Property(HighTemp))</visible>
						</control>
						<control type="textbox">
							<posx>30</posx>
							<posy>70</posy>
							<width>400</width>
							<height>50</height>
							<font>SmallLow</font>
							<textcolor>SubTitle</textcolor>
							<shadowcolor>-</shadowcolor>
							<selectedcolor>Selected</selectedcolor>
							<align>left</align>
							<label>$INFO[ListItem.Property(Outlook)]</label>
						</control>
					</itemlayout>
					<focusedlayout height="135" width="625">
						<control type="image">
							<posx>5</posx>
							<posy>3</posy>
							<width>625</width>
							<height>127</height>
							<texture>backgrounds/BG_White.png</texture>
							<colordiffuse>FF333333</colordiffuse>
						</control>
						<control type="image">
							<posx>20</posx>
							<posy>133</posy>
							<width>600</width>
							<height>2</height>
							<texture>dialogs/separator.png</texture>
							<colordiffuse>Accent</colordiffuse>
						</control>
						<control type="label">
							<posx>300</posx>
							<posy>5</posy>
							<width>300</width>
							<height>25</height>
							<font>SmallLow</font>
							<textcolor>SubTitle</textcolor>
							<shadowcolor>-</shadowcolor>
							<selectedcolor>Selected</selectedcolor>
							<align>center</align>
							<aligny>center</aligny>
							<label>$INFO[ListItem.Label]</label>
						</control>
						<control type="image">
							<posx>460</posx>
							<posy>0</posy>
							<width>135</width>
							<height>135</height>
							<aspectratio>keep</aspectratio>
							<texture>$INFO[ListItem.ActualIcon]</texture>
						</control>
						<control type="label">
							<posx>30</posx>
							<posy>35</posy>
							<width>390</width>
							<height>30</height>
							<font>Small</font>
							<textcolor>Accent</textcolor>
							<shadowcolor>-</shadowcolor>
							<selectedcolor>Selected</selectedcolor>
							<align>left</align>
							<aligny>center</aligny>
							<label>[COLOR=SubTitle]$LOCALIZE[419] : [/COLOR]$INFO[ListItem.Property(HighTemp)]$INFO[ListItem.Property(TempUnits)]     [COLOR=SubTitle]$LOCALIZE[418] : [/COLOR]$INFO[ListItem.Property(LowTemp)]$INFO[ListItem.Property(TempUnits)]</label>
							<visible>!IsEmpty(ListItem.Property(HighTemp))</visible>
						</control>
						<control type="textbox">
							<posx>30</posx>
							<posy>70</posy>
							<width>400</width>
							<height>50</height>
							<font>SmallLow</font>
							<textcolor>SubTitle</textcolor>
							<shadowcolor>-</shadowcolor>
							<selectedcolor>Selected</selectedcolor>
							<align>left</align>
							<label>$INFO[ListItem.Property(Outlook)]</label>
						</control>
					</focusedlayout>
					<content>
						<item>
							<label>$LOCALIZE[31909]</label>
							<icon>-</icon>
							<onclick>noop</onclick>
							<visible>!Weather.IsFetched</visible>
						</item>
						<item>
							<label>$INFO[Window.Property(Day0.Title)]</label>
							<icon>$INFO[Window(weather).Property(Day0.FanartCode),special://skin/extras/weather_icon/,.png]</icon>
							<property name="HighTemp">$INFO[Window.Property(Day0.HighTemp)]</property>
							<property name="LowTemp">$INFO[Window.Property(Day0.LowTemp)]</property>
							<property name="Outlook">$INFO[Window.Property(Day0.Outlook)]</property>
							<property name="TempUnits">$INFO[System.TemperatureUnits]</property>
							<onclick>noop</onclick>
							<visible>Weather.IsFetched + !IsEmpty(Window.Property(Day0.Title))</visible>
						</item>
						<item>
							<label>$INFO[Window.Property(Day1.Title)]</label>
							<icon>$INFO[Window(weather).Property(Day1.FanartCode),special://skin/extras/weather_icon/,.png]</icon>
							<property name="HighTemp">$INFO[Window.Property(Day1.HighTemp)]</property>
							<property name="LowTemp">$INFO[Window.Property(Day1.LowTemp)]</property>
							<property name="Outlook">$INFO[Window.Property(Day1.Outlook)]</property>
							<property name="TempUnits">$INFO[System.TemperatureUnits]</property>
							<onclick>noop</onclick>
							<visible>Weather.IsFetched + !IsEmpty(Window.Property(Day1.Title))</visible>
						</item>
						<item>
							<label>$INFO[Window.Property(Day2.Title)]</label>
							<icon>$INFO[Window(weather).Property(Day2.FanartCode),special://skin/extras/weather_icon/,.png]</icon>
							<property name="HighTemp">$INFO[Window.Property(Day2.HighTemp)]</property>
							<property name="LowTemp">$INFO[Window.Property(Day2.LowTemp)]</property>
							<property name="Outlook">$INFO[Window.Property(Day2.Outlook)]</property>
							<property name="TempUnits">$INFO[System.TemperatureUnits]</property>
							<onclick>noop</onclick>
							<visible>Weather.IsFetched + !IsEmpty(Window.Property(Day2.Title))</visible>
						</item>
						<item>
							<label>$INFO[Window.Property(Day3.Title)]</label>
							<icon>$INFO[Window(weather).Property(Day3.FanartCode),special://skin/extras/weather_icon/,.png]</icon>
							<property name="HighTemp">$INFO[Window.Property(Day3.HighTemp)]</property>
							<property name="LowTemp">$INFO[Window.Property(Day3.LowTemp)]</property>
							<property name="Outlook">$INFO[Window.Property(Day3.Outlook)]</property>
							<property name="TempUnits">$INFO[System.TemperatureUnits]</property>
							<onclick>noop</onclick>
							<visible>Weather.IsFetched + !IsEmpty(Window.Property(Day3.Title))</visible>
						</item>
						<item>
							<label>$INFO[Window.Property(Day4.Title)]</label>
							<icon>$INFO[Window(weather).Property(Day4.FanartCode),special://skin/extras/weather_icon/,.png]</icon>
							<property name="HighTemp">$INFO[Window.Property(Day4.HighTemp)]</property>
							<property name="LowTemp">$INFO[Window.Property(Day4.LowTemp)]</property>
							<property name="Outlook">$INFO[Window.Property(Day4.Outlook)]</property>
							<property name="TempUnits">$INFO[System.TemperatureUnits]</property>
							<onclick>noop</onclick>
							<visible>Weather.IsFetched + !IsEmpty(Window.Property(Day4.Title))</visible>
						</item>
						<item>
							<label>$INFO[Window.Property(Day5.Title)]</label>
							<icon>$INFO[Window(weather).Property(Day5.FanartCode),special://skin/extras/weather_icon/,.png]</icon>
							<property name="HighTemp">$INFO[Window.Property(Day5.HighTemp)]</property>
							<property name="LowTemp">$INFO[Window.Property(Day5.LowTemp)]</property>
							<property name="Outlook">$INFO[Window.Property(Day5.Outlook)]</property>
							<property name="TempUnits">$INFO[System.TemperatureUnits]</property>
							<onclick>noop</onclick>
							<visible>Weather.IsFetched + !IsEmpty(Window.Property(Day5.Title))</visible>
						</item>
						<item>
							<label>$INFO[Window.Property(Day6.Title)]</label>
							<icon>$INFO[Window(weather).Property(Day6.FanartCode),special://skin/extras/weather_icon/,.png]</icon>
							<property name="HighTemp">$INFO[Window.Property(Day6.HighTemp)]</property>
							<property name="LowTemp">$INFO[Window.Property(Day6.LowTemp)]</property>
							<property name="Outlook">$INFO[Window.Property(Day6.Outlook)]</property>
							<property name="TempUnits">$INFO[System.TemperatureUnits]</property>
							<onclick>noop</onclick>
							<visible>Weather.IsFetched + !IsEmpty(Window.Property(Day6.Title))</visible>
						</item>
						<item>
							<label>$INFO[Window.Property(Day7.Title)]</label>
							<icon>$INFO[Window(weather).Property(Day7.FanartCode),special://skin/extras/weather_icon/,.png]</icon>
							<property name="HighTemp">$INFO[Window.Property(Day7.HighTemp)]</property>
							<property name="LowTemp">$INFO[Window.Property(Day7.LowTemp)]</property>
							<property name="Outlook">$INFO[Window.Property(Day7.Outlook)]</property>
							<property name="TempUnits">$INFO[System.TemperatureUnits]</property>
							<onclick>noop</onclick>
							<visible>Weather.IsFetched + !IsEmpty(Window.Property(Day7.Title))</visible>
						</item>
						<item>
							<label>$INFO[Window.Property(Day8.Title)]</label>
							<icon>$INFO[Window(weather).Property(Day8.FanartCode),special://skin/extras/weather_icon/,.png]</icon>
							<property name="HighTemp">$INFO[Window.Property(Day8.HighTemp)]</property>
							<property name="LowTemp">$INFO[Window.Property(Day8.LowTemp)]</property>
							<property name="Outlook">$INFO[Window.Property(Day8.Outlook)]</property>
							<property name="TempUnits">$INFO[System.TemperatureUnits]</property>
							<onclick>noop</onclick>
							<visible>Weather.IsFetched + !IsEmpty(Window.Property(Day8.Title))</visible>
						</item>
						<item>
							<label>$INFO[Window.Property(Day9.Title)]</label>
							<icon>$INFO[Window(weather).Property(Day9.FanartCode),special://skin/extras/weather_icon/,.png]</icon>
							<property name="HighTemp">$INFO[Window.Property(Day9.HighTemp)]</property>
							<property name="LowTemp">$INFO[Window.Property(Day9.LowTemp)]</property>
							<property name="Outlook">$INFO[Window.Property(Day9.Outlook)]</property>
							<property name="TempUnits">$INFO[System.TemperatureUnits]</property>
							<onclick>noop</onclick>
							<visible>Weather.IsFetched + !IsEmpty(Window.Property(Day9.Title))</visible>
						</item>
					</content>
				</control>
			</control>
			<!--		<control type="group">
				<visible>StringCompare(Weather.Plugin,weather.wunderground)</visible>
				<posx>580</posx>
				<posy>40</posy>
				<control type="image">
					<posx>0</posx>
					<posy>0</posy>
					<width>650</width>
					<height>620</height>
					<texture border="20">ContentPanel.png</texture>
				</control>
				<control type="image">
					<posx>0</posx>
					<posy>612</posy>
					<width>650</width>
					<height>64</height>
					<texture border="10">ContentPanelMirror.png</texture>
				</control>
				<control type="image">
					<posx>20</posx>
					<posy>5</posy>
					<width>610</width>
					<height>90</height>
					<aspectratio>stretch</aspectratio>
					<texture>GlassTitleBar.png</texture>
				</control>
				<control type="group" id="50">
					<include condition="StringCompare(Weather.Plugin,weather.wunderground)">Weather10DayForcast</include>
					<include condition="StringCompare(Weather.Plugin,weather.wunderground)">Weather36HourForcast</include>
					<include condition="StringCompare(Weather.Plugin,weather.wunderground)">WeatherWeekendForcast</include>
					<include condition="StringCompare(Weather.Plugin,weather.wunderground)">WeatherHourlyForcast</include>
					<include condition="StringCompare(Weather.Plugin,weather.wunderground)">WeatherMapAlerts</include>
				</control>
			</control-->
		</control>

		<!-- Settings -->	

		<control type="group">
			<posx>0</posx>

			<control type="image">
				<description>background image</description>
				<posx>0</posx>
				<posy>0</posy>
				<width>250</width>
				<height>720</height>
				<include>dialogWindow</include>
				<visible allowhiddenfocus="true">ControlGroup(5000).HasFocus()</visible>
				<animation effect="Slide" start="-250" end="0" time="350" delay="600" tween="quadratic">Visible</animation>
				<animation effect="Slide" start="0" end="-250" time="350" tween="quadratic">Hidden</animation>
			</control>

			<control type="grouplist" id="5000">
				<posx>20</posx>
				<posy>160</posy>
				<width>230</width>
				<height>640</height>
				<onleft>50</onleft>
				<onright>50</onright>
				<onup>5000</onup>
				<ondown>5000</ondown>
				<onback>50</onback>
				<itemgap>0</itemgap>
				<visible allowhiddenfocus="true">ControlGroup(5000).HasFocus()</visible>
				<animation effect="Slide" start="-250" end="0" time="350" delay="600" tween="quadratic">Visible</animation>
				<animation effect="Slide" start="0" end="-250" time="350" tween="quadratic">Hidden</animation>
				<animation effect="Slide" start="0" end="0,-40" time="350" tween="quadratic" condition="Player.HasVideo">Conditional</animation>
				<control type="label" id="200">
					<width>200</width>
					<height>35</height>
					<font>SmallLow</font>
					<label>41911</label>
					<textcolor>Accent</textcolor>
					<align>center</align>
					<aligny>center</aligny>
				</control>
				<control type="group" id="300">
					<width>250</width>
					<height>40</height>
					<control type="spincontrolex" id="3">
						<description>change location button</description>
						<posx>0</posx>
						<posy>0</posy>
						<font>SmallLow</font>
						<onleft>50</onleft>
						<onright>50</onright>
						<onup>200</onup>
						<ondown>302</ondown>
						<onback>50</onback>
						<align>left</align>
						<textoffsetx>5</textoffsetx>
					</control>
				</control>
				<control type="button" id="302">
					<description>10 day forcast button</description>
					<label>41904</label>
					<onfocus>ClearProperty(Weather.CurrentView)</onfocus>
					<visible>StringCompare(Weather.Plugin,weather.wunderground)</visible>
				</control>
				<control type="button" id="303">
					<description>36 hour forcast button</description>
					<include>ButtonCommonValues</include>
					<label>41901</label>
					<onfocus>SetProperty(Weather.CurrentView,36hour)</onfocus>
					<visible>StringCompare(Weather.Plugin,weather.wunderground)</visible>
				</control>
				<control type="button" id="304">
					<description>Weekend forcast button</description>
					<include>ButtonCommonValues</include>
					<label>41903</label>
					<onfocus>SetProperty(Weather.CurrentView,weekend)</onfocus>
					<visible>StringCompare(Weather.Plugin,weather.wunderground)</visible>
				</control>
				<control type="button" id="305">
					<description>Hourly forcast button</description>
					<include>ButtonCommonValues</include>
					<label>41902</label>
					<onfocus>SetProperty(Weather.CurrentView,hourly)</onfocus>
					<visible>StringCompare(Weather.Plugin,weather.wunderground)</visible>
				</control>
				<control type="button" id="306">
					<description>Hourly forcast button</description>
					<include>ButtonCommonValues</include>
					<label>41910</label>
					<onfocus>SetProperty(Weather.CurrentView,map)</onfocus>
					<visible>StringCompare(Weather.Plugin,weather.wunderground)</visible>
				</control>
				<control type="label" id="201">
					<width>200</width>
					<height>35</height>
					<font>SmallLow</font>
					<label>41912</label>
					<textcolor>Accent</textcolor>
					<align>center</align>
					<aligny>center</aligny>
				</control>
				<control type="button" id="2">
					<description>Refresh button</description>
					<include>ButtonCommonValues</include>
					<label>103</label>
				</control>
				<control type="button" id="5">
					<description>Custom Weather Script Button</description>
					<label>$INFO[Skin.String(WeatherScript_Label)]</label>
					<onclick>SetFocus(50)</onclick>
					<onclick>XBMC.RunScript($INFO[Skin.String(WeatherScript_Path)])</onclick>
					<onclick>SetFocus(50)</onclick>
					<visible>Skin.HasSetting(WeatherScript_Enable) + !IsEmpty(Skin.String(WeatherScript_Label))</visible>
				</control>
				<control type="button" id="4">
					<description>Settings button</description>
					<label>5</label>
					<onclick>ActivateWindow(MyWeatherSettings)</onclick>
				</control>
			</control>
		</control>

	</controls>
</window>
