﻿<?xml version="1.0" encoding="UTF-8"?>
<window id="7">
    <defaultcontrol always="true">9000</defaultcontrol>
    <allowoverlay>yes</allowoverlay>
    <controls>
        <include>GlobalBackground</include>

        <control type="group">
            <posy>50</posy>
            <control type="grouplist" id="9000">
                <posx>10</posx>
                <posy>150</posy>
                <width>200</width>
                <height>345</height>
                <itemgap>2</itemgap>
                <onleft>-</onleft>
                <onright>-</onright>
                <onup>9000</onup>
                <ondown>9000</ondown>
                <control type="button" id="95">
                    <description>General</description>
                    <width>200</width>
                    <label>20037</label>
					<include>Big_Button</include>
                </control>
                <control type="button" id="94">
                    <description>Storage</description>
                    <width>200</width>
                    <label>13277</label>
					<include>Big_Button</include>
                </control>
                <control type="button" id="96">
                    <description>Network</description>
                    <width>200</width>
                    <label>13279</label>
					<include>Big_Button</include>
                </control>
                <control type="button" id="97">
                    <description>Video</description>
                    <width>200</width>
                    <label>13280</label>
					<include>Big_Button</include>
                </control>
                <control type="button" id="98">
                    <description>Hardware</description>
                    <width>200</width>
                    <label>13281</label>
					<include>Big_Button</include>
                </control>
            </control>
            <control type="grouplist">
                <posx>340</posx>
                <width>800</width>
                <height>600</height>
                <itemgap>2</itemgap>
                <control type="label" id="52">
                    <description>XBMC XBE BUILD Version</description>
                    <width>800</width>
                </control>
                <control type="label" id="21">
                    <description>CPU Text</description>
                    <width>800</width>
                    <label>$LOCALIZE[13271] $INFO[System.CPUUsage]</label>
                </control>
                <control type="progress" id="22">
                    <description>CPU BAR</description>
                    <width>800</width>
                    <info>System.CPUUsage</info>
                </control>
                <control type="label" id="23">
                    <description>Memory Text</description>
                    <width>800</width>
                    <label>$LOCALIZE[31030] $INFO[system.memory(used.percent)]</label>
                </control>
                <control type="progress" id="24">
                    <description>Memory BAR</description>
                    <width>800</width>
                    <info>system.memory(used)</info>
                </control>
                <control type="label" id="25">
                    <description>Spacer</description>
                    <font>-</font>
                    <width>800</width>
                </control>
                <control type="label" id="2">
                    <description>Label 2</description>
                    <width>800</width>
                </control>
                <control type="label" id="3">
                    <description>Label 3</description>
                    <width>800</width>
                </control>
                <control type="label" id="4">
                    <description>Label 4</description>
                    <width>800</width>
                </control>
                <control type="label" id="5">
                    <description>Label 5</description>
                    <width>800</width>
                </control>
                <control type="label" id="6">
                    <description>Label 6</description>
                    <width>800</width>
                </control>
                <control type="label" id="7">
                    <description>Label 7</description>
                    <width>800</width>
                </control>
                <control type="label" id="8">
                    <description>Label 8</description>
                    <width>800</width>
                </control>
                <control type="label" id="9">
                    <description>Label 9</description>
                    <width>800</width>
                </control>
                <control type="label" id="10">
                    <description>Label 10</description>
                    <width>800</width>
                </control>
                <control type="label" id="11">
                    <description>Label 11</description>
                    <width>800</width>
                </control>
            </control>
        </control>
    </controls>
</window>