﻿<?xml version="1.0" encoding="UTF-8"?>
<!-- Foundation -->
<window id="129">
    <defaultcontrol always="true">22</defaultcontrol>
    <allowoverlay>no</allowoverlay>
    <controls>
        <include>GlobalOverlay</include>
        <control type="group">
            <posx>260</posx>
            <posy>35</posy>
            <visible>!Window.IsVisible(smartplaylistrule)</visible>
            <control type="image">
                <description>background image</description>
                <posx>-20</posx>
                <posy>-20</posy>
                <width>800</width>
                <height>692</height>
                <texture border="15">other_textures/ContentPanel.png</texture>
            </control>
            <control type="label" id="2">
                <description>header label</description>
                <posx>0</posx>
                <posy>18</posy>
                <width>760</width>
                <font>Medium</font>
                <align>center</align>
                <label>21432</label>
            </control>
            <control type="spincontrolex" id="22">
                <description>Set Playlist type</description>
                <posx>10</posx>
                <posy>70</posy>
                <width>740</width>
                <label>467</label>
                <onright>22</onright>
                <onleft>22</onleft>
                <onup>9001</onup>
                <ondown>12</ondown>
            </control>
            <control type="label">
                <description>Name Label</description>
                <posx>30</posx>
                <posy>116</posy>
                <width>740</width>
                <label>21433</label>
                <textcolor>blue</textcolor>
            </control>
            <control type="edit" id="12">
                <description>Name Button</description>
                <posx>10</posx>
                <posy>162</posy>
                <width>740</width>
                <height>44</height>
                <font>Small</font>
                <align>left</align>
                <aligny>center</aligny>
                <textcolor>White</textcolor>
                <focusedcolor>White</focusedcolor>
                <selectedcolor>White</selectedcolor>
                <label>-</label>
                <textoffsetx>20</textoffsetx>
                <texturenofocus border="1">other_textures/ButtonNF.png</texturenofocus>
                <texturefocus border="3">other_textures/ButtonFO.png</texturefocus>
                <pulseonselect>false</pulseonselect>
                <onup>22</onup>
                <onleft>12</onleft>
                <onright>12</onright>
                <ondown>10</ondown>
            </control>
            <control type="label">
                <description>rules label</description>
                <posx>30</posx>
                <posy>208</posy>
                <width>740</width>
                <align>left</align>
                <label>21434</label>
                <textcolor>blue</textcolor>
            </control>
            <control type="list" id="10">
                <description>Rules List Control</description>
                <posx>10</posx>
                <posy>254</posy>
                <width>560</width>
                <height>138</height>
                <onup>12</onup>
                <onleft>9000</onleft>
                <onright>9000</onright>
                <ondown>16</ondown>
                <itemlayout width="560" height="46">
                    <control type="image">
                        <posx>0</posx>
                        <posy>0</posy>
                        <width>560</width>
                        <height>44</height>
                        <bordertexture border="1">other_textures/ButtonNF.png</bordertexture>
                    </control>
                    <control type="label">
                        <posx>20</posx>
                        <posy>0</posy>
                        <width>520</width>
                        <info>ListItem.Label</info>
                    </control>
                </itemlayout>
                <focusedlayout width="560" height="46">
                    <control type="image">
                        <posx>0</posx>
                        <posy>0</posy>
                        <width>560</width>
                        <height>44</height>
                        <texture border="3">other_textures/ButtonFO.png</texture>
                        <animation effect="fade" start="100" end="50" condition="!Control.HasFocus(10)">Conditional</animation>
                    </control>
                    <control type="label">
                        <posx>20</posx>
                        <posy>0</posy>
                        <width>520</width>
                        <info>ListItem.Label</info>
                    </control>
                </focusedlayout>
            </control>
            <control type="group" id="9000">
                <control type="button" id="13">
                    <description>Add Rule Button</description>
                    <posx>580</posx>
                    <posy>254</posy>
                    <width>170</width>
                    <label>15019</label>
                    <onup>17</onup>
                    <onleft>10</onleft>
                    <onright>10</onright>
                    <ondown>14</ondown>
                </control>
                <control type="button" id="14">
                    <description>Remove Rule Button</description>
                    <posx>580</posx>
                    <posy>300</posy>
                    <width>170</width>
                    <label>1210</label>
                    <onup>13</onup>
                    <onleft>10</onleft>
                    <onright>10</onright>
                    <ondown>15</ondown>
                </control>
                <control type="button" id="15">
                    <description>Edit Rule Button</description>
                    <posx>580</posx>
                    <posy>346</posy>
                    <width>170</width>
                    <label>21435</label>
                    <onup>14</onup>
                    <onleft>10</onleft>
                    <onright>10</onright>
                    <ondown>16</ondown>
                </control>
            </control>
            <control type="label">
                <description>Name Label</description>
                <posx>30</posx>
                <posy>392</posy>
                <width>740</width>
                <label>31325</label>
                <textcolor>blue</textcolor>
            </control>
            <control type="spincontrolex" id="16">
                <posx>10</posx>
                <posy>438</posy>
                <width>740</width>
                <label>21424</label>
                <onright>16</onright>
                <onleft>16</onleft>
                <onup>10</onup>
                <ondown>17</ondown>
            </control>
            <control type="spincontrolex" id="17">
                <posx>10</posx>
                <posy>484</posy>
                <width>740</width>
                <label>21427</label>
                <onright>17</onright>
                <onleft>17</onleft>
                <onup>16</onup>
                <ondown>18</ondown>
            </control>
            <control type="spincontrolex" id="18">
                <posx>10</posx>
                <posy>530</posy>
                <width>560</width>
                <label>21429</label>
                <onright>19</onright>
                <onleft>19</onleft>
                <onup>17</onup>
                <ondown>9001</ondown>
            </control>
            <control type="togglebutton" id="19">
                <posx>580</posx>
                <posy>530</posy>
                <width>170</width>
                <label>21431</label>
                <altlabel>21430</altlabel>
                <onright>18</onright>
                <onleft>18</onleft>
                <onup>17</onup>
                <ondown>9001</ondown>
            </control>
            <control type="group" id="9001">
                <control type="button" id="20">
                    <description>Ok Button</description>
                    <posx>165</posx>
                    <posy>596</posy>
                    <width>200</width>
                    <label>186</label>
                    <onup>18</onup>
                    <onleft>21</onleft>
                    <onright>21</onright>
                    <ondown>22</ondown>
                </control>
                <control type="button" id="21">
                    <description>Cancel Button</description>
                    <posx>395</posx>
                    <posy>596</posy>
                    <width>200</width>
                    <label>222</label>
                    <onup>18</onup>
                    <onleft>20</onleft>
                    <onright>20</onright>
                    <ondown>22</ondown>
                </control>
            </control>
        </control>
    </controls>
</window>