﻿<?xml version="1.0" encoding="UTF-8"?>
<window id="2005">
    <defaultcontrol>-</defaultcontrol>
    <controls>
        <control type="image">
            <width>1280</width>
			<height>150</height>
            <texture>backgrounds/BG_White.png</texture>
			<colordiffuse>Black</colordiffuse>
        </control>
        <control type="label" id="10">
            <description>row 1 label</description>
            <posx>20</posx>
            <posy>32</posy>
            <label>-</label>
        </control>
        <control type="label" id="11">
            <description>row 2 label</description>
            <posx>20</posx>
            <posy>64</posy>
            <label>-</label>
        </control>
        <control type="label" id="12">
            <description>row 3 label</description>
            <posx>20</posx>
            <posy>96</posy>
            <label>-</label>
        </control>
        <control type="label" id="24">
            <description>buffering label</description>
            <posx>0</posx>
            <posy>350</posy>
            <width>1280</width>
            <label>$LOCALIZE[15107] $INFO[Player.CacheLevel]%</label>
            <align>center</align>
            <font>Large</font>
        </control>
    </controls>
</window>