﻿<?xml version="1.0" encoding="UTF-8"?>
<!-- Foundation -->
<window id="122">
    <defaultcontrol always="true">2</defaultcontrol>
    <allowoverlay>yes</allowoverlay>
    <controls>
        <control type="group">
            <posx>340</posx>
            <posy>200</posy>
            <control type="image">
                <posx>-20</posx>
                <posy>-20</posy>
                <width>640</width>
                <height>496</height>
                <texture border="15">other_textures/ContentPanel.png</texture>
            </control>
            <control type="label">
                <description>Header Label</description>
                <posx>10</posx>
                <width>560</width>
                <label>31032</label>
                <font>Medium</font>
                <shadowcolor>black</shadowcolor>
                <align>center</align>
            </control>
            <control type="list" id="2">
                <description>Preset List</description>
                <posx>10</posx>
                <posy>58</posy>
                <width>580</width>
                <height>368</height>
                <onleft>-</onleft>
                <onright>-</onright>
                <onup>2</onup>
                <ondown>2</ondown>
                <itemlayout height="46">
                    <control type="image">
                        <width>580</width>
                        <height>44</height>
                        <texture border="1">other_textures/ButtonNF.png</texture>
                    </control>
                    <control type="label">
                        <posx>20</posx>
                        <width>540</width>
                        <info>ListItem.Label</info>
                    </control>
                </itemlayout>
                <focusedlayout height="46">
                    <control type="image">
                        <width>580</width>
                        <height>44</height>
                        <texture border="3">other_textures/ButtonFO.png</texture>
                    </control>
                    <control type="label">
                        <posx>20</posx>
                        <width>540</width>
                        <info>ListItem.Label</info>
                    </control>
                </focusedlayout>
            </control>
        </control>
    </controls>
</window>