﻿<?xml version="1.0" encoding="UTF-8"?>

<window id="2001">
    <defaultcontrol always="true">9000</defaultcontrol>
    <allowoverlay>yes</allowoverlay>
    <controls>
        <include>GlobalOverlay</include>
        <control type="group">
            <posx>133</posx>
            <posy>53</posy>
            <control type="image">
                <posx>-20</posx>
                <posy>-20</posy>
                <width>920</width>
                <height>600</height>
                <include>dialogWindow</include>
            </control>
            <control type="label">
                <description>Header Label</description>
                <posx>10</posx>
                <align>center</align>
                <font>Medium</font>
                <width>860</width>
                <label>24016</label>
                <visible>Container.Content(Albums)</visible>
            </control>
            <control type="label">
                <description>Header Label</description>
                <posx>10</posx>
                <align>center</align>
                <font>Medium</font>
                <width>860</width>
                <label>24017</label>
                <visible>Container.Content(Artists)</visible>
            </control>
            <control type="image" id="3">
                <description>Cover Image</description>
                <posx>10</posx>
                <posy>40</posy>
                <width>255</width>
                <height>255</height>
                <texture>$INFO[ListItem.Icon]</texture>
                <aspectratio align="center" aligny="top">keep</aspectratio>
                <bordertexture border="3">other_textures/ButtonFO.png</bordertexture>
                <bordersize>5</bordersize>
            </control>
            <control type="label">
                <description>Title</description>
                <posx>290</posx>
                <posy>40</posy>
                <width>387</width>
                <font>Large</font>
                <label>$INFO[ListItem.Album]</label>
                <scroll>true</scroll>
                <visible>Container.Content(Albums)</visible>
            </control>
            <control type="label">
                <description>Title</description>
                <posx>290</posx>
                <posy>40</posy>
                <width>580</width>
                <font>Large</font>
                <label>$INFO[ListItem.Artist]</label>
                <scroll>true</scroll>
                <visible>Container.Content(Artists)</visible>
            </control>
            <control type="grouplist">
                <posx>290</posx>
                <posy>84</posy>
                <width>580</width>
                <height>112</height>
                <itemgap>0</itemgap>
                <orientation>vertical</orientation>
                <control type="label">
                    <description>Artist</description>
                    <width>580</width>
                    <height>28</height>
                    <label>$INFO[ListItem.Artist,[COLOR blue]$LOCALIZE[557]:[/COLOR] ]</label>
                    <scroll>true</scroll>
                    <visible>!IsEmpty(ListItem.Artist)</visible>
                </control>
                <control type="label">
                    <description>Genre</description>
                    <width>580</width>
                    <height>28</height>
                    <label>$INFO[ListItem.Genre,[COLOR blue]$LOCALIZE[515]:[/COLOR] ]</label>
                    <scroll>true</scroll>
                    <visible>!IsEmpty(ListItem.Genre)</visible>
                </control>
                <control type="label">
                    <description>Year</description>
                    <width>580</width>
                    <height>28</height>
                    <label>$INFO[ListItem.Year,[COLOR blue]$LOCALIZE[562]:[/COLOR] ]</label>
                    <scroll>true</scroll>
                    <visible>!IsEmpty(ListItem.Year)</visible>
                </control>
                <control type="label">
                    <description>Rating</description>
                    <width>580</width>
                    <height>28</height>
                    <label>$INFO[ListItem.Rating,[COLOR blue]$LOCALIZE[563]:[/COLOR] ]</label>
                    <scroll>true</scroll>
                    <visible>!IsEmpty(ListItem.Rating)</visible>
                </control>
            </control>
            <control type="textbox" id="4">
                <description>Review</description>
                <posx>290</posx>
                <posy>204</posy>
                <width>580</width>
                <height>330</height>
                <align>justify</align>
            </control>
            <control type="list" id="50">
                <description>Tracks</description>
                <posx>290</posx>
                <posy>204</posy>
                <width>580</width>
                <height>322</height>
                <onup>50</onup>
                <ondown>50</ondown>
                <onleft>9000</onleft>
                <onright>9000</onright>
                <orientation>vertical</orientation>
                <scrolltime>200</scrolltime>
                <itemlayout height="46">
                    <control type="image">
                        <width>580</width>
                        <height>44</height>
                        <texture border="1">other_textures/ButtonNF.png</texture>
                    </control>
                    <control type="label">
                        <posx>20</posx>
                        <width>540</width>
                        <info>ListItem.Label</info>
                    </control>
                </itemlayout>
                <focusedlayout height="46">
                    <control type="image">
                        <width>580</width>
                        <height>44</height>
                        <texture border="3">other_textures/ButtonFO.png</texture>
                        <animation effect="fade" start="100" end="50" condition="!Control.HasFocus(50)">Conditional</animation>
                    </control>
                    <control type="label">
                        <posx>20</posx>
                        <width>540</width>
                        <info>ListItem.Label</info>
                    </control>
                </focusedlayout>
            </control>
            <control type="grouplist" id="9000">
                <posx>10</posx>
                <posy>320</posy>
                <onleft>50</onleft>
                <onright>50</onright>
                <onup>9000</onup>
                <ondown>9000</ondown>
                <itemgap>2</itemgap>
                <orientation>vertical</orientation>
                <control type="button" id="5">
                    <description>Tracks</description>
                    <width>255</width>
                    <label>206</label>
                </control>
                <control type="button" id="6">
                    <description>Refresh button</description>
                    <width>255</width>
                    <label>184</label>
                </control>
                <control type="button" id="10">
                    <description>Get Thumb</description>
                    <width>255</width>
                    <label>13405</label>
                </control>
                <control type="button" id="12">
                    <description>Get Fanart</description>
                    <width>255</width>
                    <label>20413</label>
                </control>
            </control>
        </control>
    </controls>
</window>