﻿<?xml version="1.0" encoding="UTF-8"?>

<window id="132">
    <defaultcontrol always="true">3</defaultcontrol>
    <allowoverlay>yes</allowoverlay>
    <controls>
        <include>GlobalOverlay</include>
        <control type="group">
            <posx>200</posx>
            <posy>80</posy>
            <control type="image">
                <posx>-20</posx>
                <posy>-20</posy>
                <width>920</width>
                <height>600</height>
                <include>dialogWindow</include>
            </control>
            <control type="label" id="20">
                <description>Header Label</description>
                <posx>10</posx>
                <align>center</align>
                <font>Medium</font>
                <width>860</width>
                <label>20333</label>
            </control>
            <control type="image">
                <posx>10</posx>
                <posy>45</posy>
                <width>250</width>
                <height>250</height>
                <texture fallback="DefaultAddonNone.png">$INFO[ListItem.Icon]</texture>
                <aspectratio align="center" aligny="top">keep</aspectratio>
                <bordertexture border="3">other_textures/ButtonFO.png</bordertexture>
                <bordersize>5</bordersize>
            </control>
            <control type="spincontrolex" id="3">
                <description>Directory Content</description>
                <posx>290</posx>
                <posy>45</posy>
                <width>580</width>
                <font>-</font>
                <label>-</label>
                <align>right</align>
                <onup>29</onup>
                <ondown>4</ondown>
                <onleft>28</onleft>
                <onright>28</onright>
            </control>
            <control type="label">
                <description>Directory Contains</description>
                <posx>310</posx>
                <posy>45</posy>
                <width>300</width>
                <label>20344</label>
            </control>
            <control type="label">
                <description>Content Picker label</description>
                <posx>780</posx>
                <posy>45</posy>
                <width>305</width>
                <align>right</align>
                <label>$INFO[Control.GetLabel(3)]</label>
            </control>
            <control type="list" id="4">
                <posx>290</posx>
                <posy>105</posy>
                <width>580</width>
                <height>185</height>
                <onup>3</onup>
                <onleft>5</onleft>
                <onright>3</onright>
                <ondown>5</ondown>
                <itemlayout height="46">
                    <control type="image">
                        <width>580</width>
                        <height>44</height>
                        <bordertexture border="1">other_textures/ButtonNF.png</bordertexture>
                    </control>
                    <control type="label">
                        <posx>15</posx>
                        <width>380</width>
                        <info>ListItem.Label</info>
                    </control>
                </itemlayout>
                <focusedlayout height="46">
                    <control type="image">
                        <width>580</width>
                        <height>44</height>
                        <texture border="3">other_textures/ButtonFO.png</texture>
                        <animation effect="fade" start="100" end="50" condition="!Control.HasFocus(4)">Conditional</animation>
                    </control>
                    <control type="label">
                        <posx>15</posx>
                        <width>380</width>
                        <info>ListItem.Label</info>
                    </control>
                </focusedlayout>
            </control>
            <control type="grouplist" id="5">
                <description>Control Area</description>
                <posx>10</posx>
                <posy>310</posy>
                <width>860</width>
                <height>184</height>
                <itemgap>2</itemgap>
                <onup>4</onup>
                <ondown>29</ondown>
                <onleft>4</onleft>
                <onright>29</onright>
                <orientation>vertical</orientation>
            </control>
            <control type="button" id="7">
                <description>default</description>
                <align>left</align>
            </control>
            <control type="radiobutton" id="8">
                <description>radioButton</description>
                <align>left</align>
            </control>
            <control type="button" id="6">
                <description>Settings</description>
                <posx>10</posx>
                <posy>506</posy>
                <width>220</width>
                <label>5</label>
                <onup>5</onup>
                <onleft>29</onleft>
                <onright>28</onright>
                <ondown>3</ondown>
            </control>
            <control type="button" id="28">
                <description>Ok</description>
                <posx>330</posx>
                <posy>506</posy>
                <width>220</width>
                <label>186</label>
                <onleft>6</onleft>
                <onright>29</onright>
                <onup>5</onup>
                <ondown>3</ondown>
            </control>
            <control type="button" id="29">
                <description>Cancel</description>
                <posx>650</posx>
                <posy>506</posy>
                <width>220</width>
                <label>222</label>
                <onleft>28</onleft>
                <onright>6</onright>
                <onup>5</onup>
                <ondown>3</ondown>
            </control>
        </control>
    </controls>
</window>