﻿<?xml version="1.0" encoding="UTF-8"?>

<window id="150">
    <defaultcontrol>5</defaultcontrol>
    <coordinates>
        <system>1</system>
        <posx>300</posx>
        <posy>80</posy>
    </coordinates>
    <controls>
        <control type="image">
            <description>background image</description>
            <posx>-20</posx>
            <posy>-20</posy>
            <width>720</width>
            <height>600</height>
            <include>dialogWindow</include>
        </control>
        <control type="label">
            <description>header label</description>
            <posx>10</posx>
            <posy>10</posy>
            <width>660</width>
            <align>center</align>
            <font>Medium</font>
            <label>5</label>
        </control>
        <control type="label" id="3">
            <description>No Settings Label</description>
            <posx>10</posx>
            <posy>180</posy>
            <width>660</width>
            <align>center</align>
            <label>35004</label>
            <font>Medium</font>
        </control>
        <control type="grouplist" id="5">
            <description>control area</description>
            <posx>10</posx>
            <posy>70</posy>
            <width>660</width>
            <height>352</height>
            <itemgap>2</itemgap>
            <onup>-</onup>
            <ondown>9000</ondown>
        </control>
        <control type="button" id="7">
            <description>Default Button</description>
            <width>660</width>
        </control>
        <control type="radiobutton" id="8">
            <description>Default RadioButton</description>
            <width>660</width>
            <align>left</align>
        </control>
        <control type="spincontrolex" id="9">
            <description>Default SpinControlex</description>
            <width>660</width>
            <align>left</align>
            <reverse>yes</reverse>
        </control>
        <control type="sliderex" id="10">
            <description>Default Slider</description>
            <width>660</width>
            <align>left</align>
        </control>
        <control type="image" id="11">
            <description>separator image</description>
            <height>-1</height>
            <texture>-</texture>
        </control>
        <control type="group" id="9000">
            <posx>10</posx>
            <posy>505</posy>
            <control type="button" id="28">
                <description>OK Button</description>
                <posx>0</posx>
                <posy>0</posy>
                <width>200</width>
                <label>186</label>
                <onleft>50</onleft>
                <onright>29</onright>
                <onup>5</onup>
                <ondown>5</ondown>
            </control>
            <control type="button" id="29">
                <description>Cancel Button</description>
                <posx>230</posx>
                <posy>0</posy>
                <width>200</width>
                <label>222</label>
                <onleft>28</onleft>
                <onright>50</onright>
                <onup>5</onup>
                <ondown>5</ondown>
            </control>
            <control type="button" id="50">
                <description>Defaults Button</description>
                <posx>460</posx>
                <posy>0</posy>
                <width>200</width>
                <label>409</label>
                <onleft>29</onleft>
                <onright>28</onright>
                <onup>5</onup>
                <ondown>5</ondown>
            </control>
        </control>
    </controls>
</window>