<?xml version="1.0" encoding="UTF-8"?>

<window id="152">
	<defaultcontrol always="true">5</defaultcontrol>
	<coordinates>
		<system>1</system>
		<posx>250</posx>
		<posy>100</posy>
	</coordinates>
	<include>fadeinout</include>
	<controls>
		<control type="image">
			<description>background image</description>
			<posx>0</posx>
			<posy>0</posy>
			<width>780</width>
			<height>500</height>
			<include>dialogWindow</include>
		</control>
		<control type="label" id="2">
			<description>header label</description>
			<posx>40</posx>
			<posy>20</posy>
			<width>720</width>
			<height>30</height>
			<font>Large</font>
			<label>587</label>
			<align>center</align>
			<aligny>center</aligny>
			<textcolor>White</textcolor>
		</control>

		<control type="grouplist" id="5">
			<description>control area</description>
			<posx>30</posx>
			<posy>70</posy>
			<width>720</width>
			<height>350</height>
			<itemgap>4</itemgap>
			<pagecontrol>6</pagecontrol>
			<onup>9001</onup>
			<ondown>9001</ondown>
			<onleft>9001</onleft>
			<onright>6</onright>
		</control>
		<control type="button" id="7">
			<description>Default Button</description>
			<posx>0</posx>
			<posy>0</posy>
			<height>40</height>
		</control>
		<control type="radiobutton" id="8">
			<description>Default RadioButton</description>
			<posx>0</posx>
			<posy>0</posy>
			<height>40</height>
		</control>
		<control type="spincontrolex" id="9">
			<description>Default SpinControlex</description>
			<posx>0</posx>
			<posy>0</posy>
			<height>40</height>
		</control>
		<control type="sliderex" id="10">
			<description>Default Slider</description>
			<posx>0</posx>
			<posy>0</posy>
			<height>40</height>
		</control>
		<control type="edit" id="12">
			<description>Default Edit</description>
			<posx>0</posx>
			<posy>0</posy>
			<height>40</height>
		</control>

		<control type="group" id="9001">
			<posx>190</posx>
			<posy>435</posy>
			<control type="button" id="28">
				<description>Ok Button</description>
				<posx>0</posx>
				<posy>0</posy>
				<width>200</width>
				<height>40</height>
				<align>center</align>
				<aligny>center</aligny>
				<label>186</label>
				<onup>5</onup>
				<onleft>27</onleft>
				<onright>27</onright>
				<ondown>5</ondown>
			</control>
			<control type="button" id="27">
				<description>Clear Button</description>
				<posx>210</posx>
				<posy>0</posy>
				<width>200</width>
				<height>40</height>
				<align>center</align>
				<aligny>center</aligny>
				<label>192</label>
				<onup>5</onup>
				<onleft>28</onleft>
				<onright>28</onright>
				<ondown>5</ondown>
			</control>
		</control>
	</controls>
</window>
