﻿<?xml version="1.0" encoding="UTF-8"?>
<window type="dialog" id="107">
	<backgroundcolor>0</backgroundcolor>
    <defaultcontrol always="true">402</defaultcontrol>
    <allowoverlay>no</allowoverlay>
    <controls>
        <control type="group">
            <posx>673</posx>
			<posy>10</posy>
			<animation type="WindowOpen" reversible="false">
				<effect type="slide" start="0,-180" end="0,0" time="400" tween="cubic" easing="out" />
				<effect type="fade" start="0" end="100" time="400" />
			</animation>
			<animation type="Conditional" condition="Window.IsVisible(fullscreeninfo) | Window.IsVisible(seekbar) | [Window.IsVisible(visualisation) + Player.ShowInfo]" reversible="true">
				<effect type="slide" start="0,0" end="0,95" time="400" tween="cubic" easing="out" />
			</animation>
			<animation type="WindowClose" reversible="false">
				<effect type="fade" start="100" end="0" time="100" />
			</animation>
			
            <control type="label" id="401">
                <description>Heading</description>
				<posx>530</posx>
				<posy>-</posy>
				<width>775</width>
				<height>30</height>
				<align>right</align>
				<scroll>true</scroll>
				<font>XSmallCapsBold</font>
				<textcolor>Title</textcolor>
            </control>
			
            <control type="label" id="402">
                <description>Message</description>
                <posx>530</posx>
				<posy>20</posy>
				<width>775</width>
				<height>30</height>
				<align>right</align>
				<scroll>true</scroll>
				<haspath>true</haspath>
				<font>XSmallCaps</font>
				<textcolor>SubTitle</textcolor>
            </control>
			
			<control type="image" id="400">
                <description>Image</description>
                <posx>70r</posx>
                <posy>-</posy>
                <width>50</width>
                <height>50</height>
                <aspectratio align="left">keep</aspectratio>
                <texture>icons\ToastIconInfo.png</texture>
            </control>
            <control type="image" id="403">
                <description>Info</description>
                <visible>false</visible>
                <texture>icons\ToastIconInfo.png</texture>
            </control>
            <control type="image" id="404">
                <description>Warning</description>
                <visible>false</visible>
                <texture>icons\ToastIconWarning.png</texture>
            </control>
            <control type="image" id="405">
                <description>Error</description>
                <visible>false</visible>
                <texture>icons\ToastIconError.png</texture>
            </control>
        </control>
    </controls>
</window>