﻿<?xml version="1.0" encoding="UTF-8"?>

<window id="145">
    <defaultcontrol always="true">11</defaultcontrol>
    <allowoverlay>yes</allowoverlay>
    <controls>
        <control type="group">
            <posx>425</posx>
            <posy>0</posy>
            <control type="image">
                <posx>-20</posx>
                <posy>-20</posy>
                <width>460</width>
                <height>108</height>
                <include>dialogWindow</include>
            </control>
            <control type="label" id="10">
                <description>Heading</description>
                <posx>10</posx>
                <width>250</width>
                <label>-</label>
                <textcolor>blue</textcolor>
            </control>
            <control type="label" id="12">
                <description>Label</description>
                <posx>410</posx>
                <width>250</width>
                <label>-</label>
                <align>right</align>
            </control>
            <control type="slider" id="11">
                <description>Slider</description>
                <posx>10</posx>
                <posy>44</posy>
                <width>400</width>
                <onup>-</onup>
                <ondown>-</ondown>
                <onleft>11</onleft>
                <onright>11</onright>
            </control>
        </control>
    </controls>
</window>