﻿<?xml version="1.0" encoding="UTF-8"?>

<window id="2008">
    <defaultcontrol always="true">450</defaultcontrol>
    <allowoverlay>yes</allowoverlay>
    <controls>
        <include>GlobalOverlay</include>
        <control type="group">
            <posx>340</posx>
            <posy>140</posy>
            <control type="image">
                <posx>-20</posx>
                <posy>-20</posy>
                <width>640</width>
                <height>496</height>
                <include>dialogWindow</include>
            </control>
            <control type="label">
                <posx>10</posx>
                <posy>25</posy>
                <width>582</width>
                <align>center</align>
                <font>Medium</font>
                <info>ListItem.Label</info>
            </control>
            <control type="list" id="450">
                <posx>10</posx>
                <posy>78</posy>
                <width>580</width>
                <height>368</height>
                <onleft>450</onleft>
                <onright>450</onright>
                <onup>450</onup>
                <ondown>450</ondown>
                <itemlayout height="46">
                    <control type="image">
                        <width>580</width>
                        <height>44</height>
                        <texture border="1">other_textures/ButtonNF.png</texture>
                    </control>
                    <control type="label">
                        <posx>20</posx>
                        <width>540</width>
                        <info>ListItem.Label</info>
                    </control>
                </itemlayout>
                <focusedlayout height="46">
                    <control type="image">
                        <width>580</width>
                        <height>44</height>
                        <texture border="3">other_textures/ButtonFO.png</texture>
                    </control>
                    <control type="label">
                        <posx>20</posx>
                        <width>540</width>
                        <info>ListItem.Label</info>
                    </control>
                </focusedlayout>
            </control>
        </control>
    </controls>
</window>