﻿<?xml version="1.0" encoding="UTF-8"?>

<window id="147">
    <defaultcontrol>61</defaultcontrol>
    <controls>
        <include>GlobalOverlay</include>
        <control type="group">
            <posx>160</posx>
            <posy>55</posy>
            <control type="image">
                <posx>-20</posx>
                <posy>-20</posy>
                <width>1000</width>
                <height>650</height>
                <include>dialogWindow</include>
            </control>
            <control type="label" id="1">
                <description>header label</description>
                <posx>10</posx>
                <posy>32</posy>
                <width>940</width>
                <height>30</height>
            </control>
            <control type="textbox" id="5">
                <description>textarea</description>
                <posx>10</posx>
                <posy>72</posy>
                <width>922</width>
                <height>520</height>
                <align>justify</align>
            </control>
            <control type="scrollbar" id="61">
                <posx>940</posx>
                <posy>72</posy>
                <width>25</width>
                <height>520</height>
                <onleft>Close</onleft>
                <onright>Close</onright>
                <ondown>61</ondown>
                <onup>61</onup>
            </control>
        </control>
    </controls>
</window>