﻿<?xml version="1.0" encoding="UTF-8"?>
<window id="106">
	<defaultcontrol always="true">1000</defaultcontrol>
	<allowoverlay>yes</allowoverlay>
	<controls>
		<control type="image">
			<description>background image</description>
			<posx>250r</posx>
			<posy>0</posy>
			<width>250</width>
			<height>720</height>
			<include>dialogWindow</include>
			<animation effect="Slide" start="250" end="0" time="350" delay="600" tween="quadratic">WindowOpen</animation>
			<animation effect="Slide" start="0" end="250" time="350" delay="600" tween="quadratic">WindowClose</animation>
		</control>
		<control type="group">
			<posx>250r</posx>
			<posy>150</posy>
			<animation effect="Slide" start="250" end="0" time="350" delay="600" tween="quadratic">WindowOpen</animation>
			<animation effect="Slide" start="0" end="250" time="350" delay="600" tween="quadratic">WindowClose</animation>
			<control type="grouplist" id="996">
				<description>grouplist for context buttons</description>
				<posx>20</posx>
				<posy>0</posy>
				<width>230</width>
				<height max="606">auto</height>
				<itemgap>0</itemgap>
			</control>		
			<control type="button" id="1000">
				<onleft>back</onleft>
				<description>Buttons</description>
			</control>
		</control>
	</controls>
</window>