﻿<?xml version="1.0" encoding="UTF-8"?>
<window id="113">
    <defaultcontrol always="true">901</defaultcontrol>
    <allowoverlay>yes</allowoverlay>
    <controls>
        <control type="group">
			<include>fadeinout</include>
            <posx>43r</posx>
            <posy>13</posy>
            <control type="image" id="901">
                <description>Mute Image</description>
                <posx>0</posx>
                <width>25</width>
                <height>25</height>
                <texture>icons/icon_Mute.png</texture>
            </control>
        </control>
    </controls>
</window>