﻿<?xml version="1.0" encoding="UTF-8"?>

<window type="dialog" id="144">
    <controls>
        <include>GlobalOverlay</include>
        <control type="group">
            <posx>415</posx>
            <posy>225</posy>
            <control type="image">
                <posx>0</posx>
                <posy>0</posy>
                <width>450</width>
                <height>150</height>
                <include>dialogWindow</include>
            </control>
            <control type="label" id="1">
                <description>header label</description>
                <posx>20</posx>
                <posy>10</posy>
                <width>410</width>
                <font>Medium</font>
                <label>31031</label>
                <align>center</align>
            </control>
            <control type="label" id="401">
                <description>Song Number Label</description>
                <posx>20</posx>
                <posy>45</posy>
                <width>410</width>
                <align>center</align>
            </control>
            <control type="label" id="402">
                <description>Song Name Label</description>
                <posx>20</posx>
                <posy>85</posy>
                <width>410</width>
                <font>Medium</font>
                <align>center</align>
                <textcolor>blue</textcolor>
                <scroll>true</scroll>
            </control>
        </control>
    </controls>
</window>