﻿<?xml version="1.0" encoding="UTF-8"?>
<window id="3">
    <defaultcontrol always="true">20</defaultcontrol>
    <allowoverlay>yes</allowoverlay>
    <controls>
        <include>BasicBackground</include>
        <control type="group">
            <description>Left panel</description>
            <posx>50</posx>
            <posy>52</posy>
            <control type="image">
                <posx>-20</posx>
                <posy>-20</posy>
                <width>580</width>
                <height>680</height>
                <include>dialogWindow</include>
            </control>
            <control type="label" id="101">
                <description>Header Label</description>
                <posx>15</posx>
                <label>-</label>
				<include>dialog_Windowtitle</include>

            </control>
            <control type="list" id="20">
                <description>Left File List</description>
                <posx>10</posx>
                <posy>64</posy>
                <width>520</width>
                <height>506</height>
                <onleft>21</onleft>
                <onright>21</onright>
                <onup>20</onup>
                <ondown>20</ondown>
                <itemlayout height="46" width="520">
                    <control type="image">
                        <width>520</width>
                        <height>44</height>
                        <texture border="1">other_textures/ButtonNF.png</texture>
                    </control>
                    <control type="label">
                        <posx>20</posx>
                        <width>480</width>
                        <align>left</align>
                        <info>ListItem.Label</info>
                    </control>
                    <control type="label">
                        <posx>500</posx>
                        <width>100</width>
                        <align>right</align>
                        <info>ListItem.Label2</info>
                    </control>
                </itemlayout>
                <focusedlayout height="46" width="520">
                    <control type="image">
                        <width>520</width>
                        <height>44</height>
                        <texture border="3">other_textures/ButtonFO.png</texture>
                        <animation effect="fade" start="100" end="50" condition="!Control.HasFocus(20)">Conditional</animation>
                    </control>
                    <control type="label">
                        <posx>20</posx>
                        <width>480</width>
                        <align>left</align>
                        <info>ListItem.Label</info>
                    </control>
                    <control type="label">
                        <posx>500</posx>
                        <width>480</width>
                        <align>right</align>
                        <info>ListItem.Label2</info>
                    </control>
                </focusedlayout>
            </control>
            <control type="label" id="12">
                <description>Header Label</description>
                <posx>15</posx>
                <posy>588</posy>
                <width>320</width>
                <align>left</align>
                <label>-</label>
            </control>
        </control>
        <control type="group">
            <description>Right panel</description>
            <posx>690</posx>
            <posy>52</posy>
            <control type="image">
                <posx>-20</posx>
                <posy>-20</posy>
                <width>580</width>
                <height>680</height>
                <texture border="15">other_textures/ContentPanel.png</texture>
            </control>
            <control type="label" id="102">
                <description>Header Label</description>
                <posx>15</posx>
                <width>320</width>
                <align>left</align>
                <label>-</label>
                <font>Medium</font>
                <shadowcolor>black</shadowcolor>
            </control>
            <control type="list" id="21">
                <description>Right File List</description>
                <posx>10</posx>
                <posy>64</posy>
                <width>520</width>
                <height>506</height>
                <onleft>20</onleft>
                <onright>20</onright>
                <onup>21</onup>
                <ondown>21</ondown>
                <itemlayout height="46" width="520">
                    <control type="image">
                        <width>520</width>
                        <height>44</height>
                        <texture border="1">other_textures/ButtonNF.png</texture>
                    </control>
                    <control type="label">
                        <posx>20</posx>
                        <width>480</width>
                        <align>left</align>
                        <info>ListItem.Label</info>
                    </control>
                    <control type="label">
                        <posx>500</posx>
                        <width>100</width>
                        <align>right</align>
                        <info>ListItem.Label2</info>
                    </control>
                </itemlayout>
                <focusedlayout height="46" width="520">
                    <control type="image">
                        <width>520</width>
                        <height>44</height>
                        <texture border="3">other_textures/ButtonFO.png</texture>
                        <animation effect="fade" start="100" end="50" condition="!Control.HasFocus(21)">Conditional</animation>
                    </control>
                    <control type="label">
                        <posx>20</posx>
                        <width>480</width>
                        <align>left</align>
                        <info>ListItem.Label</info>
                    </control>
                    <control type="label">
                        <posx>500</posx>
                        <width>480</width>
                        <align>right</align>
                        <info>ListItem.Label2</info>
                    </control>
                </focusedlayout>
            </control>
            <control type="label" id="13">
                <description>Header Label</description>
                <posx>15</posx>
                <posy>588</posy>
                <width>320</width>
                <align>left</align>
                <label>-</label>
            </control>
        </control>
    </controls>
</window>