<includes>
	<include name="HomeWeather">
		<control type="group">
			<posx>240</posx>
			<posy>240</posy>
		<control type="group">
			<include>Slide_SubMenu</include>
			<visible allowhiddenfocus="false">Container(9000).HasFocus(10)</visible>
		<!---main container------>
			<!--current--->
				<control type="group" id="5000">
					<control type="image">
						<width>155</width>
						<height>310</height>
						<aspectratio>stretch</aspectratio>
						<texture>backgrounds/BG_White.png</texture>
						<colordiffuse>SubmenuDisabled</colordiffuse>
					</control>
					<control type="group">
						<posx>0</posx>
						<posy>5</posy>
						<control type="label">
							<posy>-5</posy>
							<width>150</width>
							<label>$LOCALIZE[31916]</label>
							<font>LargeLow</font>
							<align>center</align>
							<textcolor>SubmenuLabel</textcolor>
						</control>
						<control type="label">
							<posy>30</posy>
							<width>150</width>
							<label>$INFO[Weather.Conditions]</label>
							<wrapmultiline>true</wrapmultiline>
							<font>Small</font>
							<textcolor>SubmenuLabel</textcolor>
							<align>center</align>
						</control>
						<control type="image">
							<posy>70</posy>
							<width>150</width>
							<height>50</height>
							<texture>$INFO[Window(weather).Property(Current.FanartCode),special://skin/extras/weather_icon/,.png]</texture>
							<colordiffuse>WeatherDiffuse2</colordiffuse>
							<aspectratio align="center">keep</aspectratio>
						</control>
						<control type="grouplist">
							<posy>120</posy>
							<orientation>vertical</orientation>
							<itemgap>-10</itemgap>
							<control type="label">
								<label>$LOCALIZE[402]: $INFO[Window(weather).Property(Current.FeelsLike)]$INFO[System.TemperatureUnits]</label>
								<width>150</width>
								<font>Small</font>
								<textcolor>SubmenuLabel</textcolor>
								<align>center</align>
							</control>
							<control type="label">
								<label>$LOCALIZE[405]: $INFO[Window(weather).Property(Current.DewPoint)]</label>
								<width>150</width>
								<font>Small</font>
								<textcolor>SubmenuLabel</textcolor>
								<align>center</align>
							</control>
							<control type="label">
								<label>$LOCALIZE[406]: $INFO[Window(weather).Property(Current.Humidity)]</label>
								<width>150</width>
								<font>Small</font>
								<textcolor>SubmenuLabel</textcolor>
								<align>center</align>
							</control>
							<control type="label">
								<label>$LOCALIZE[403]: $INFO[Window(weather).Property(Current.UVIndex)]</label>
								<width>150</width>
								<font>Small</font>
								<textcolor>SubmenuLabel</textcolor>
								<align>center</align>
							</control>
							<control type="label">
								<label>$LOCALIZE[404]: $INFO[Window(weather).Property(Current.Wind)]</label>
								<width>150</width>
								<font>Small</font>
								<textcolor>SubmenuLabel</textcolor>
								<align>center</align>
								<aligny>top</aligny>
								<wrapmultiline>true</wrapmultiline>
							</control>
						</control>
					</control>
				</control>
			<!---today--->
				<control type="group">
					<posx>160</posx>
					<control type="image">
						<width>155</width>
						<height>310</height>
						<texture>backgrounds/BG_White.png</texture>
						<colordiffuse>SubmenuDisabled</colordiffuse>
					</control>
					<control type="group">
						<posx>0</posx>
						<posy>5</posy>
						<control type="label">
							<posy>-5</posy>
							<width>150</width>
							<label>$INFO[Window(weather).Property(Day0.Title)]</label>
							<font>LargeLow</font>
							<align>center</align>
							<textcolor>SubmenuLabel</textcolor>
						</control>
						<control type="label">
							<posy>50</posy>
							<width>150</width>
							<label>$INFO[Window(weather).Property(Day0.Outlook)]</label>
							<wrapmultiline>true</wrapmultiline>
							<font>Small</font>
							<textcolor>SubmenuLabel</textcolor>
							<align>center</align>
						</control>
						<control type="image">
							<posy>115</posy>
							<width>150</width>
							<height>100</height>
							<texture>$INFO[Window(weather).Property(Day0.FanartCode),special://skin/extras/weather_icon/,.png]</texture>
							<aspectratio align="center">keep</aspectratio>
							<colordiffuse>WeatherDiffuse2</colordiffuse>
						</control>
						<control type="label">
							<posy>235</posy>
							<width>150</width>
							<label>high / low</label>
							<font>Small</font>
							<textcolor>SubmenuLabel</textcolor>
							<align>center</align>
						</control>
						<control type="label">
							<posy>260</posy>
							<width>150</width>
							<label>$INFO[Window(weather).Property(Day0.HighTemp)]$INFO[System.TemperatureUnits,, / ]$INFO[Window(weather).Property(Day0.LowTemp)]$INFO[System.TemperatureUnits]</label>
							<font>Small</font>
							<textcolor>SubmenuLabel</textcolor>
							<align>center</align>
						</control>
					</control>
				</control>
			<!---day 1--->
				<control type="group">
					<posx>320</posx>
					<control type="image">
						<width>155</width>
						<height>310</height>
						<texture>backgrounds/BG_White.png</texture>
						<colordiffuse>SubmenuDisabled</colordiffuse>
					</control>
					<control type="group">
						<posx>0</posx>
						<posy>5</posy>
						<control type="label">
							<posy>-5</posy>
							<width>150</width>
							<label>$INFO[Window(weather).Property(Day1.Title)]</label>
							<font>LargeLow</font>
							<align>center</align>
							<textcolor>SubmenuLabel</textcolor>
						</control>
						<control type="label">
							<posy>50</posy>
							<width>150</width>
							<label>$INFO[Window(weather).Property(Day1.Outlook)]</label>
							<wrapmultiline>true</wrapmultiline>
							<font>Small</font>
							<textcolor>SubmenuLabel</textcolor>
							<align>center</align>
						</control>
						<control type="image">
							<posy>115</posy>
							<width>150</width>
							<height>100</height>
							<texture>$INFO[Window(weather).Property(Day1.FanartCode),special://skin/extras/weather_icon/,.png]</texture>
							<colordiffuse>WeatherDiffuse2</colordiffuse>
							<aspectratio align="center">keep</aspectratio>
						</control>
						<control type="label">
							<posy>235</posy>
							<width>150</width>
							<label>high / low</label>
							<font>Small</font>
							<textcolor>SubmenuLabel</textcolor>
							<align>center</align>
						</control>
						<control type="label">
							<posy>260</posy>
							<width>150</width>
							<label>$INFO[Window(weather).Property(Day1.HighTemp)]$INFO[System.TemperatureUnits,, / ]$INFO[Window(weather).Property(Day1.LowTemp)]$INFO[System.TemperatureUnits]</label>
							<font>Small</font>
							<textcolor>SubmenuLabel</textcolor>
							<align>center</align>
						</control>
					</control>
				</control>
			<!---day 2--->
				<control type="group">
					<posx>480</posx>
					<control type="image">
						<width>155</width>
						<height>310</height>
						<texture>backgrounds/BG_White.png</texture>
						<colordiffuse>SubmenuDisabled</colordiffuse>
					</control>
					<control type="group">
						<posx>0</posx>
						<posy>5</posy>
						<control type="label">
							<posy>-5</posy>
							<width>150</width>
							<label>$INFO[Window(weather).Property(Day2.Title)]</label>
							<font>LargeLow</font>
							<align>center</align>
							<textcolor>SubmenuLabel</textcolor>
						</control>
						<control type="label">
							<posy>50</posy>
							<width>150</width>
							<label>$INFO[Window(weather).Property(Day2.Outlook)]</label>
							<wrapmultiline>true</wrapmultiline>
							<font>Small</font>
							<textcolor>SubmenuLabel</textcolor>
							<align>center</align>
						</control>
						<control type="image">
							<posy>115</posy>
							<width>150</width>
							<height>100</height>
							<texture>$INFO[Window(weather).Property(Day2.FanartCode),special://skin/extras/weather_icon/,.png]</texture>
							<colordiffuse>WeatherDiffuse2</colordiffuse>
							<aspectratio align="center">keep</aspectratio>
						</control>
						<control type="label">
							<posy>235</posy>
							<width>150</width>
							<label>high / low</label>
							<font>Small</font>
							<textcolor>SubmenuLabel</textcolor>
							<align>center</align>
						</control>
						<control type="label">
							<posy>260</posy>
							<width>150</width>
							<label>$INFO[Window(weather).Property(Day2.HighTemp)]$INFO[System.TemperatureUnits,, / ]$INFO[Window(weather).Property(Day2.LowTemp)]$INFO[System.TemperatureUnits]</label>
							<font>Small</font>
							<textcolor>SubmenuLabel</textcolor>
							<align>center</align>
						</control>
					</control>
				</control>
			<!---day 3--->
				<control type="group">
					<posx>640</posx>
					<control type="image">
						<width>155</width>
						<height>310</height>
						<texture>backgrounds/BG_White.png</texture>
						<colordiffuse>SubmenuDisabled</colordiffuse>
					</control>
					<control type="group">
						<posx>0</posx>
						<posy>5</posy>
						<control type="label">
							<posy>-5</posy>
							<width>150</width>
							<label>$INFO[Window(weather).Property(Day3.Title)]</label>
							<font>LargeLow</font>
							<align>center</align>
							<textcolor>SubmenuLabel</textcolor>
						</control>
						<control type="label">
							<posy>50</posy>
							<width>150</width>
							<label>$INFO[Window(weather).Property(Day3.Outlook)]</label>
							<wrapmultiline>true</wrapmultiline>
							<font>Small</font>
							<textcolor>SubmenuLabel</textcolor>
							<align>center</align>
						</control>
						<control type="image">
							<posy>115</posy>
							<width>150</width>
							<height>100</height>
							<texture>$INFO[Window(weather).Property(Day3.FanartCode),special://skin/extras/weather_icon/,.png]</texture>
							<colordiffuse>WeatherDiffuse2</colordiffuse>
							<aspectratio align="center">keep</aspectratio>
						</control>
						<control type="label">
							<posy>235</posy>
							<width>150</width>
							<label>high / low</label>
							<font>Small</font>
							<textcolor>SubmenuLabel</textcolor>
							<align>center</align>
						</control>
						<control type="label">
							<posy>260</posy>
							<width>150</width>
							<label>$INFO[Window(weather).Property(Day3.HighTemp)]$INFO[System.TemperatureUnits,, / ]$INFO[Window(weather).Property(Day3.LowTemp)]$INFO[System.TemperatureUnits]</label>
							<font>Small</font>
							<textcolor>SubmenuLabel</textcolor>
							<align>center</align>
						</control>
					</control>
				</control>
		</control>
		</control>
	</include>
</includes>