<includes>
<include name="homeSubMenu">

<!--SubMenus-->
	<control type="group" id="1000">
		<posx>200</posx>
		<posy>240</posy>
		
<!--VIDEO SUBMENU-->
		<control type="group">
			<visible allowhiddenfocus="False">Container(9000).HasFocus(1) | Control.HasFocus(1110)</visible>
			<include>Slide_SubMenu</include>
			<include>VideoAddonsGadget</include>
			<control type="panel" id="1110">			
				<width>875</width>
				<height>125</height>
				<onback>9000</onback>
				<onleft>1110</onleft>
				<onright>1110</onright>	
				<onup>9000</onup>
				<ondown>6035</ondown>
				<orientation>horizontal</orientation>
				<scrolltime>150</scrolltime>
				<defaultcontrol always="true">1</defaultcontrol>
				<itemlayout width="175" height="125">
					<control type="image">
						<posx>2</posx>
						<posy>2</posy>
						<width>173</width>
						<height>123</height>
						<texture>backgrounds/BG_White.png</texture>
						<colordiffuse>SubmenuDisabled</colordiffuse>
						<aspectratio>stretch</aspectratio>
					</control>
					<control type="image">
						<posx>2</posx>
						<posy>2</posy>
						<width>173</width>
						<height>123</height>
						<texture>backgrounds/BG_White.png</texture>
						<visible>Control.HasFocus(1110) | Control.HasFocus(6035)</visible>
						<colordiffuse>SubmenuNF</colordiffuse>
						<aspectratio>stretch</aspectratio>
					</control>
					<control type="label">
						<posx>10</posx>
						<posy>5</posy>
						<width>153</width>
						<height>40</height>
						<label>$INFO[ListItem.Label]</label>
						<font>MediumLow</font>
						<align>left</align>
						<textcolor>SubmenuLabel</textcolor>
						<aligny>top</aligny>
						<wrapmultiline>true</wrapmultiline>
					</control>
					<control type="label">
						<posx>10</posx>
						<posy>5</posy>
						<width>153</width>
						<height>40</height>
						<label>$INFO[ListItem.Label]</label>
						<wrapmultiline>true</wrapmultiline>
						<font>MediumLow</font>
						<align>left</align>
						<textcolor>SubmenuSelected</textcolor>
						<aligny>top</aligny>
						<visible>Control.HasFocus(1110) | Control.HasFocus(6035)</visible>
					</control>
				</itemlayout>
				<focusedlayout width="175" height="125">
					<control type="image">
						<posx>2</posx>
						<posy>2</posy>
						<width>173</width>
						<height>123</height>
						<texture>backgrounds/BG_White.png</texture>
						<colordiffuse>SubmenuFO</colordiffuse>
						<aspectratio>stretch</aspectratio>
					</control>
					<control type="label">
						<posx>10</posx>
						<posy>5</posy>
						<width>153</width>
						<height>40</height>
						<label>$INFO[ListItem.Label]</label>
						<wrapmultiline>true</wrapmultiline>
						<font>MediumLow</font>
						<align>left</align>
						<textcolor>SubmenuFocused</textcolor>
						<aligny>top</aligny>
						<visible>Control.HasFocus(1110) | Control.HasFocus(6035)</visible>
					</control>
				</focusedlayout>
				<content>
					<item id="1">
						<label>$LOCALIZE[1024]</label>
						<onclick>ActivateWindow(Videos,Files)</onclick>
						<visible allowhiddenfocus="False">Container(9000).HasFocus(1) | Control.HasFocus(1110)</visible>
					</item>
					<item id="2">
						<label>$INFO[Skin.String(videomenu.playlist1.label)]</label>
						<onclick>ActivateWindow(videolibrary,$INFO[Skin.String(videomenu.playlist1.path)],return)</onclick>
						<visible allowhiddenfocus="False">[Container(9000).HasFocus(1) | Control.HasFocus(1110)] + !IsEmpty(Skin.String(videomenu.playlist1.path))</visible>
					</item>
					<item id="3">
						<label>$INFO[Skin.String(videomenu.playlist2.label)]</label>
						<onclick>ActivateWindow(videolibrary,$INFO[Skin.String(videomenu.playlist2.path)],return)</onclick>
						<visible allowhiddenfocus="False">[Container(9000).HasFocus(1) | Control.HasFocus(1110)] + !IsEmpty(Skin.String(videomenu.playlist2.path))</visible>
					</item>
					<item id="4">
						<label>$INFO[Skin.String(videomenu.playlist3.label)]</label>
						<onclick>ActivateWindow(videolibrary,$INFO[Skin.String(videomenu.playlist3.path)],return)</onclick>
						<visible allowhiddenfocus="False">[Container(9000).HasFocus(1) | Control.HasFocus(1110)] + !IsEmpty(Skin.String(videomenu.playlist3.path))</visible>
					</item>
					<item id="5">
						<label>$INFO[Skin.String(videomenu.playlist4.label)]</label>
						<onclick>ActivateWindow(videolibrary,$INFO[Skin.String(videomenu.playlist4.path)],return)</onclick>
						<visible allowhiddenfocus="False">[Container(9000).HasFocus(1) | Control.HasFocus(1110)] + !IsEmpty(Skin.String(videomenu.playlist4.path))</visible>
					</item>
					<item id="6">
						<label>$INFO[Skin.String(videomenu.folder1.label)]</label>
						<onclick>ActivateWindow(Videos,$INFO[Skin.String(videomenu.folder1.path)],return)</onclick>
						<visible allowhiddenfocus="False">[Container(9000).HasFocus(1) | Control.HasFocus(1110)] + !IsEmpty(Skin.String(videomenu.folder1.path))</visible>
					</item>
					<item id="7">
						<label>$INFO[Skin.String(videomenu.folder2.label)]</label>
						<onclick>ActivateWindow(Videos,$INFO[Skin.String(videomenu.folder2.path)],return)</onclick>
						<visible allowhiddenfocus="False">[Container(9000).HasFocus(1) | Control.HasFocus(1110)] + !IsEmpty(Skin.String(videomenu.folder2.path))</visible>
					</item>
					<item id="8">
						<label>$INFO[Skin.String(videomenu.folder3.label)]</label>
						<onclick>ActivateWindow(Videos,$INFO[Skin.String(videomenu.folder3.path)],return)</onclick>
						<visible allowhiddenfocus="False">[Container(9000).HasFocus(1) | Control.HasFocus(1110)] + !IsEmpty(Skin.String(videomenu.folder3.path))</visible>
					</item>
					<item id="9">
						<label>$INFO[Skin.String(videomenu.folder4.label)]</label>
						<onclick>ActivateWindow(Videos,$INFO[Skin.String(videomenu.folder4.path)],return)</onclick>
						<visible allowhiddenfocus="False">[Container(9000).HasFocus(1) | Control.HasFocus(1110)] + !IsEmpty(Skin.String(videomenu.folder4.path))</visible>
					</item>
					<item id="10">
						<label>$LOCALIZE[24001]</label>
						<onclick>ActivateWindow(VideoLibrary,Addons)</onclick>
						<visible allowhiddenfocus="False">[Container(9000).HasFocus(1) | Control.HasFocus(1110)] + !Skin.HasSetting(videomenu.addons)</visible>
					</item>
					<item id="11">
						<label>$LOCALIZE[136]</label>
						<onclick>ActivateWindow(videolibrary,playlists)</onclick>
						<visible allowhiddenfocus="False">[Container(9000).HasFocus(1) | Control.HasFocus(1110)] + !Skin.HasSetting(videomenu.videoplaylists)</visible>
					</item>
					<item id="12">
						<label>Update[CR]Library</label>
						<onclick>UpdateLibrary(Video)</onclick>
						<visible allowhiddenfocus="False">[Container(9000).HasFocus(1) | Control.HasFocus(1110)] + !Skin.HasSetting(videomenu.updatelibrary)</visible>
					</item>
					<item id="13">
						<label>Clean[CR]Library</label>
						<onclick>CleanLibrary(Video)</onclick>
						<visible allowhiddenfocus="False">[Container(9000).HasFocus(1) | Control.HasFocus(1110)] + !Skin.HasSetting(videomenu.cleanlibrary)</visible>
					</item>
				</content>
			</control>
		</control>
<!--MOVIES SUBMENU-->
		<control type="group">
			<visible allowhiddenfocus="False">Container(9000).HasFocus(2) | Control.HasFocus(1200) | Control.HasFocus(6000)</visible>
			<animation effect="slide" start="0,0" end="0,-60" time="200" tween="Cubic" easing="Out" condition="Control.HasFocus(6010) | Control.HasFocus(6000)">Conditional</animation>
			<include>Slide_SubMenu</include>
			<include>MovieWidget</include>
			<control type="panel" id="1200">			
				<width>875</width>
				<height>125</height>
				<onback>9000</onback>
				<onleft>1200</onleft>
				<onright>1200</onright>	
				<onup>9000</onup>
				<ondown condition=Container(1200).HasFocus(3)>6000</ondown>
				<ondown condition=Container(1200).HasFocus(5)>6010</ondown>
				<orientation>horizontal</orientation>
				<scrolltime>150</scrolltime>
				<defaultcontrol always="false">1</defaultcontrol>
				<itemlayout width="175" height="125">
					<control type="image">
						<posx>2</posx>
						<posy>2</posy>
						<width>173</width>
						<height>123</height>
						<texture>backgrounds/BG_White.png</texture>
						<colordiffuse>SubmenuDisabled</colordiffuse>
						<aspectratio>stretch</aspectratio>
					</control>
					<control type="image">
						<posx>2</posx>
						<posy>2</posy>
						<width>173</width>
						<height>123</height>
						<texture>backgrounds/BG_White.png</texture>
						<visible>Control.HasFocus(1200) | Control.HasFocus(6000) | Control.HasFocus(6010)</visible>
						<colordiffuse>SubmenuNF</colordiffuse>
						<aspectratio>stretch</aspectratio>
					</control>
					<control type="label">
						<posx>10</posx>
						<posy>5</posy>
						<width>153</width>
						<height>40</height>
						<label>$INFO[ListItem.Label]</label>
						<font>MediumLow</font>
						<align>left</align>
						<textcolor>SubmenuLabel</textcolor>
						<aligny>top</aligny>
						<wrapmultiline>true</wrapmultiline>
					</control>
					<control type="label">
						<posx>10</posx>
						<posy>5</posy>
						<width>153</width>
						<height>40</height>
						<label>$INFO[ListItem.Label]</label>
						<wrapmultiline>true</wrapmultiline>
						<font>MediumLow</font>
						<align>left</align>
						<textcolor>SubmenuSelected</textcolor>
						<aligny>top</aligny>
						<visible>Control.HasFocus(1200) | Control.HasFocus(6000) | Control.HasFocus(6010)</visible>
					</control>
				</itemlayout>
				<focusedlayout width="175" height="125">
					<control type="image">
						<posx>2</posx>
						<posy>2</posy>
						<width>173</width>
						<height>125</height>
						<texture>backgrounds/BG_White.png</texture>
						<colordiffuse>SubmenuFO</colordiffuse>
						<aspectratio>stretch</aspectratio>
					</control>
					<control type="label">
						<posx>10</posx>
						<posy>5</posy>
						<width>153</width>
						<height>40</height>
						<label>$INFO[ListItem.Label]</label>
						<wrapmultiline>true</wrapmultiline>
						<font>MediumLow</font>
						<align>left</align>
						<textcolor>SubmenuFocused</textcolor>
						<aligny>top</aligny>
						<visible>Control.HasFocus(1200)</visible>
					</control>
				</focusedlayout>
					<content>
					<item id="1">
						<label>$LOCALIZE[1024]</label>
						<onclick>ActivateWindow(videolibrary,movietitles,return)</onclick>
						<visible>Library.HasContent(movies)</visible>
						<icon></icon>
					</item>
					<item id="3">
						<label>$LOCALIZE[31095]</label>
						<onclick>ActivateWindow(videolibrary,recentlyaddedmovies)</onclick>
						<visible>Library.HasContent(movies) + Skin.HasSetting(moviesmenu.recent)</visible>
						<icon></icon>
					</item>
					<item id="5">
						<label>$LOCALIZE[575][CR]Recommended</label>
						<onclick>-</onclick>
						<visible>Library.HasContent(movies) + Skin.HasSetting(moviesmenu.inprogress)</visible>
						<icon></icon>
					</item>
					<item id="7">
						<label>$LOCALIZE[135]</label>
						<onclick>ActivateWindow(videolibrary,moviegenres)</onclick>
						<visible>Library.HasContent(movies) + Skin.HasSetting(moviesmenu.genres)</visible>
						<icon></icon>
					</item>
					<item id="8">
						<label>$LOCALIZE[652]</label>
						<onclick>ActivateWindow(videolibrary,movieyears)</onclick>
						<visible>Library.HasContent(movies) + Skin.HasSetting(moviesmenu.years)</visible>
						<icon></icon>
					</item>
					<item id="9">
						<label>$LOCALIZE[344]</label>
						<onclick>ActivateWindow(videolibrary,movieactors)</onclick>
						<visible>Library.HasContent(movies) + Skin.HasSetting(moviesmenu.actors)</visible>
						<icon></icon>
					</item>
				</content>
			</control>
		</control>
<!--TVSHOWS SUBMENU-->
		<control type="group">
			<include>Slide_SubMenu</include>
			<include>NewEpisodeGadget</include>
			<visible allowhiddenfocus="true">Container(9000).HasFocus(3) | Control.HasFocus(1210)</visible>
			<animation effect="slide" start="0,0" end="0,-60" time="200" tween="Cubic" easing="Out" condition="Control.HasFocus(6025)">Conditional</animation>
			<control type="panel" id="1210">
				<width>875</width>
				<height>125</height>
				<onback>9000</onback>
				<onleft>1210</onleft>
				<onright>1210</onright>	
				<onup>9000</onup>
				<ondown>6025</ondown>
				<orientation>horizontal</orientation>
				<scrolltime>150</scrolltime>
				<defaultcontrol always="true">1</defaultcontrol>
				<itemlayout width="175" height="125">
					<control type="image">
						<posx>2</posx>
						<posy>2</posy>
						<width>173</width>
						<height>123</height>
						<texture>backgrounds/BG_White.png</texture>
						<colordiffuse>SubmenuDisabled</colordiffuse>
						<aspectratio>stretch</aspectratio>
					</control>
					<control type="image">
						<posx>2</posx>
						<posy>2</posy>
						<width>173</width>
						<height>123</height>
						<texture>backgrounds/BG_White.png</texture>
						<visible>Control.HasFocus(1210) | Control.HasFocus(6025)</visible>
						<colordiffuse>SubmenuNF</colordiffuse>
						<aspectratio>stretch</aspectratio>
					</control>
					<control type="label">
						<posx>10</posx>
						<posy>5</posy>
						<width>153</width>
						<height>40</height>
						<label>$INFO[ListItem.Label]</label>
						<font>MediumLow</font>
						<align>left</align>
						<textcolor>SubmenuLabel</textcolor>
						<aligny>top</aligny>
						<wrapmultiline>true</wrapmultiline>
					</control>
					<control type="label">
						<posx>10</posx>
						<posy>5</posy>
						<width>153</width>
						<height>40</height>
						<label>$INFO[ListItem.Label]</label>
						<wrapmultiline>true</wrapmultiline>
						<font>MediumLow</font>
						<align>left</align>
						<textcolor>SubmenuSelected</textcolor>
						<aligny>top</aligny>
						<visible>Control.HasFocus(1210) | Control.HasFocus(6025)</visible>
					</control>
				</itemlayout>
				<focusedlayout width="175" height="125">
					<control type="image">
						<posx>2</posx>
						<posy>2</posy>
						<width>173</width>
						<height>123</height>
						<texture>backgrounds/BG_White.png</texture>
						<colordiffuse>SubmenuFO</colordiffuse>
						<aspectratio>stretch</aspectratio>
					</control>
					<control type="label">
						<posx>10</posx>
						<posy>5</posy>
						<width>153</width>
						<height>40</height>
						<label>$INFO[ListItem.Label]</label>
						<wrapmultiline>true</wrapmultiline>
						<font>MediumLow</font>
						<align>left</align>
						<textcolor>SubmenuFocused</textcolor>
						<aligny>top</aligny>
						<visible>Control.HasFocus(1210)</visible>
					</control>
				</focusedlayout>
				<content>
					<item id="1">
						<label>$LOCALIZE[1024]</label>
						<onclick>ActivateWindow(videolibrary,tvshowtitles,return)</onclick>
						<visible>Library.HasContent(tvshows)</visible>
						<icon></icon>
					</item>
					<item id="3">
						<label>$LOCALIZE[31094]</label>
						<onclick>ActivateWindow(videolibrary,recentlyaddedepisodes)</onclick>
						<visible>Library.HasContent(tvshows) + Skin.HasSetting(tvshowsmenu.recent)</visible>
						<icon></icon>
					</item>
					<item id="5">
						<label>$LOCALIZE[575][CR]Recommended</label>
						<onclick>-</onclick>
						<visible>Library.HasContent(tvshows) + Skin.HasSetting(tvshowsmenu.inprogress)</visible>
						<icon></icon>
					</item>
					<item id="6">
						<label>$LOCALIZE[135]</label>
						<onclick>ActivateWindow(videolibrary,tvshowgenres)</onclick>
						<visible>Library.HasContent(tvshows) + Skin.HasSetting(tvshowsmenu.genres)</visible>
						<icon></icon>
					</item>
					<item id="7">
						<label>$LOCALIZE[652]</label>
						<onclick>ActivateWindow(videolibrary,tvshowyears)</onclick>
						<visible>Library.HasContent(tvshows) + Skin.HasSetting(tvshowsmenu.years)</visible>
						<icon></icon>
					</item>
					<item id="8">
						<label>$LOCALIZE[344]</label>
						<onclick>ActivateWindow(videolibrary,tvshowactors)</onclick>
						<visible>Library.HasContent(tvshows) + Skin.HasSetting(tvshowsmenu.actors)</visible>
						<icon></icon>
					</item>
					<item id="9">
						<label>$LOCALIZE[31070]</label>
						<onclick>RunAddon(script.tv.show.next.aired)</onclick>
						<visible>Library.HasContent(tvshows) + System.HasAddon(script.tv.show.next.aired) + !Skin.HasSetting(tvshowsmenu.guide)</visible>
						<icon></icon>
					</item>
				</content>
			</control>
		</control>
<!--LIVE TV SUBMENU-->
		<control type="group">
			<include>Slide_SubMenu</include>
			<visible allowhiddenfocus="true">Container(9000).HasFocus(4) | Control.HasFocus(1120)</visible>
			<control type="panel" id="1120">
				<width>875</width>
				<height>125</height>
				<onback>9000</onback>
				<onleft>1120</onleft>
				<onright>1120</onright>	
				<onup>9000</onup>
				<ondown>-</ondown>
				<orientation>horizontal</orientation>
				<scrolltime>150</scrolltime>
				<defaultcontrol always="true">1</defaultcontrol>
				<itemlayout width="175" height="125">
					<control type="image">
						<posx>2</posx>
						<posy>2</posy>
						<width>173</width>
						<height>123</height>
						<texture>backgrounds/BG_White.png</texture>
						<colordiffuse>SubmenuDisabled</colordiffuse>
						<aspectratio>stretch</aspectratio>
					</control>
					<control type="image">
						<posx>2</posx>
						<posy>2</posy>
						<width>173</width>
						<height>123</height>
						<texture>backgrounds/BG_White.png</texture>
						<visible>Control.HasFocus(1120)</visible>
						<colordiffuse>SubmenuNF</colordiffuse>
						<aspectratio>stretch</aspectratio>
					</control>
					<control type="label">
						<posx>10</posx>
						<posy>5</posy>
						<width>153</width>
						<height>40</height>
						<label>$INFO[ListItem.Label]</label>
						<font>MediumLow</font>
						<align>left</align>
						<textcolor>SubmenuLabel</textcolor>
						<aligny>top</aligny>
						<wrapmultiline>true</wrapmultiline>
					</control>
					<control type="label">
						<posx>10</posx>
						<posy>5</posy>
						<width>153</width>
						<height>40</height>
						<label>$INFO[ListItem.Label]</label>
						<wrapmultiline>true</wrapmultiline>
						<font>MediumLow</font>
						<align>left</align>
						<textcolor>SubmenuSelected</textcolor>
						<aligny>top</aligny>
						<visible>Control.HasFocus(1120)</visible>
					</control>
				</itemlayout>
				<focusedlayout width="175" height="125">
					<control type="image">
						<posx>2</posx>
						<posy>2</posy>
						<width>173</width>
						<height>123</height>
						<texture>backgrounds/BG_White.png</texture>
						<colordiffuse>SubmenuFO</colordiffuse>
						<aspectratio>stretch</aspectratio>
					</control>
					<control type="label">
						<posx>10</posx>
						<posy>5</posy>
						<width>153</width>
						<height>40</height>
						<label>$INFO[ListItem.Label]</label>
						<wrapmultiline>true</wrapmultiline>
						<font>MediumLow</font>
						<align>left</align>
						<textcolor>SubmenuFocused</textcolor>
						<aligny>top</aligny>
						<visible>Control.HasFocus(1120)</visible>
					</control>
				</focusedlayout>
				<content>
					<!--channels-->
					<item id="1">
						<label>$LOCALIZE[19019]</label>
						<onclick>ActivateWindow(TV)</onclick>
						<onclick>Setfocus(32)</onclick>
						<onclick>Setfocus(11)</onclick>
						<visible>Skin.HasSetting(tvmenu.channels)</visible>
					</item>
					<!--guide-->
					<item id="2">
						<label>$LOCALIZE[31987]</label>
						<onclick>ActivateWindow(TV)</onclick>
						<onclick>Setfocus(31)</onclick>
						<onclick>Setfocus(11)</onclick>
						<visible>Skin.HasSetting(tvmenu.guide)</visible>
					</item>
					<!--recordings-->
					<item id="3">
						<label>$LOCALIZE[19163]</label>
						<onclick>ActivateWindow(TV)</onclick>
						<onclick>Setfocus(34)</onclick>
						<onclick>Setfocus(13)</onclick>
						<visible>Skin.HasSetting(tvmenu.recordings)</visible>
					</item>
					<!--timers-->
					<item id="4">
						<label>$LOCALIZE[31085]</label>
						<onclick>ActivateWindow(TV)</onclick>
						<onclick>Setfocus(35)</onclick>
						<onclick>Setfocus(14)</onclick>
						<visible>Skin.HasSetting(tvmenu.timers)</visible>
					</item>
				</content>
			</control>
		</control>
<!--MUSIC SUBMENU-->
		<control type="group">
			<include>Slide_SubMenu</include>
			<visible allowhiddenfocus="true">Container(9000).HasFocus(5) | Control.HasFocus(1130)</visible>
			<control type="panel" id="1130">
				<width>875</width>
				<height>125</height>
				<onback>9000</onback>
				<onleft>1130</onleft>
				<onright>1130</onright>	
				<onup>9000</onup>
				<ondown>-</ondown>
				<orientation>horizontal</orientation>
				<scrolltime>150</scrolltime>
				<defaultcontrol always="true">1</defaultcontrol>
				<itemlayout width="175" height="125">
					<control type="image">
						<posx>2</posx>
						<posy>2</posy>
						<width>173</width>
						<height>123</height>
						<texture>backgrounds/BG_White.png</texture>
						<colordiffuse>SubmenuDisabled</colordiffuse>
						<aspectratio>stretch</aspectratio>
					</control>
					<control type="image">
						<posx>2</posx>
						<posy>2</posy>
						<width>173</width>
						<height>123</height>
						<texture>backgrounds/BG_White.png</texture>
						<visible>Control.HasFocus(1130)</visible>
						<colordiffuse>SubmenuNF</colordiffuse>
						<aspectratio>stretch</aspectratio>
					</control>
					<control type="label">
						<posx>10</posx>
						<posy>5</posy>
						<width>153</width>
						<height>40</height>
						<label>$INFO[ListItem.Label]</label>
						<font>MediumLow</font>
						<align>left</align>
						<textcolor>SubmenuLabel</textcolor>
						<aligny>top</aligny>
						<wrapmultiline>true</wrapmultiline>
					</control>
					<control type="label">
						<posx>10</posx>
						<posy>5</posy>
						<width>153</width>
						<height>40</height>
						<label>$INFO[ListItem.Label]</label>
						<wrapmultiline>true</wrapmultiline>
						<font>MediumLow</font>
						<align>left</align>
						<textcolor>SubmenuSelected</textcolor>
						<aligny>top</aligny>
						<visible>Control.HasFocus(1130)</visible>
					</control>
				</itemlayout>
				<focusedlayout width="175" height="125">
					<control type="image">
						<posx>2</posx>
						<posy>2</posy>
						<width>173</width>
						<height>123</height>
						<texture>backgrounds/BG_White.png</texture>
						<colordiffuse>SubmenuFO</colordiffuse>
						<aspectratio>stretch</aspectratio>
					</control>
					<control type="label">
						<posx>10</posx>
						<posy>5</posy>
						<width>153</width>
						<height>40</height>
						<label>$INFO[ListItem.Label]</label>
						<wrapmultiline>true</wrapmultiline>
						<font>MediumLow</font>
						<align>left</align>
						<textcolor>SubmenuFocused</textcolor>
						<aligny>top</aligny>
						<visible>Control.HasFocus(1130)</visible>
					</control>
				</focusedlayout>
				<content>
					<item id="1">
						<label>$LOCALIZE[132]</label>
						<onclick>ActivateWindow(MusicLibrary,albums)</onclick>
						<icon></icon>
					</item>
					<item id="2">
						<label>$LOCALIZE[31970]</label>
						<onclick>ActivateWindow(MusicLibrary,recentlyaddedalbums)</onclick>
						<visible>Skin.HasSetting(musicmenu.recent)</visible>
						<icon></icon>
					</item>
					<item id="3">
						<label>$LOCALIZE[31971]</label>
						<onclick>ActivateWindow(MusicLibrary,recentlyplayedalbums)</onclick>
						<visible>Skin.HasSetting(musicmenu.played)</visible>
						<icon></icon>
					</item>
					<item id="4">
						<label>$LOCALIZE[133]</label>
						<onclick>ActivateWindow(MusicLibrary,artists)</onclick>
						<visible>Skin.HasSetting(musicmenu.artists)</visible>
						<icon></icon>
					</item>
					<item id="5">
						<label>$LOCALIZE[135]</label>
						<onclick>ActivateWindow(MusicLibrary,genres)</onclick>
						<visible>Skin.HasSetting(musicmenu.genres)</visible>
						<icon></icon>
					</item>
					<item id="9">
						<label>$LOCALIZE[24001]</label>
						<onclick>ActivateWindow(MusicLibrary,Addons)</onclick>
						<visible>Skin.HasSetting(musicmenu.addons)</visible>
						<icon></icon>
					</item>
					<item id="6">
						<label>$LOCALIZE[136]</label>
						<onclick>ActivateWindow(MusicLibrary,playlists)</onclick>
						<visible>Skin.HasSetting(musicmenu.playlists)</visible>
						<icon></icon>
					</item>
					<item id="7">
						<label>$LOCALIZE[589]</label>
						<onclick>XBMC.PlayerControl(Partymode)</onclick>
						<visible>Skin.HasSetting(musicmenu.partymode)</visible>
						<icon></icon>
					</item>
					<item id="8">
						<label>$LOCALIZE[15200]</label>
						<onclick>ActivateWindow(MyMusicLibrary,lastfm://)</onclick>
						<visible>Skin.HasSetting(musicmenu.lastfm)</visible>
						<icon></icon>
					</item>
					<item id="9">
						<label>$LOCALIZE[20389]</label>
						<onclick>ActivateWindow(videolibrary,musicvideotitles)</onclick>
						<visible>Library.HasContent(musicvideos) + Skin.HasSetting(musicmenu.videos)</visible>
						<icon></icon>
					</item>
					<item id="10">
						<label>$LOCALIZE[1024]</label>
						<onclick>ActivateWindow(MusicFiles)</onclick>
						<icon></icon>
					</item>
					<item id="11">
						<label>Update[CR]Library</label>
						<icon></icon>
						<onclick>UpdateLibrary(music)</onclick>
						<visible>!Skin.HasSetting(musicmenu.updatelibrary)</visible>
					</item>
					<item id="12">
						<label>Clean[CR]Library</label>
						<icon></icon>
						<onclick>CleanLibrary(music)</onclick>
						<visible>!Skin.HasSetting(musicmenu.cleanlibrary)</visible>
					</item>
				</content>
			</control>
		</control>
<!--PICTURES SUBMENU-->
		<control type="group">
			<include>Slide_SubMenu</include>
			<visible allowhiddenfocus="true">Container(9000).HasFocus(6) | Control.HasFocus(1140)</visible>
			<control type="panel" id="1140">
				<width>875</width>
				<height>125</height>
				<onback>9000</onback>
				<onleft>1140</onleft>
				<onright>1140</onright>	
				<onup>9000</onup>
				<ondown>-</ondown>
				<orientation>horizontal</orientation>
				<scrolltime>150</scrolltime>
				<defaultcontrol always="true">1</defaultcontrol>
				<itemlayout width="175" height="125">
					<control type="image">
						<posx>2</posx>
						<posy>2</posy>
						<width>173</width>
						<height>123</height>
						<texture>backgrounds/BG_White.png</texture>
						<colordiffuse>SubmenuDisabled</colordiffuse>
						<aspectratio>stretch</aspectratio>
					</control>
					<control type="image">
						<posx>2</posx>
						<posy>2</posy>
						<width>173</width>
						<height>123</height>
						<texture>backgrounds/BG_White.png</texture>
						<visible>Control.HasFocus(1140)</visible>
						<colordiffuse>SubmenuNF</colordiffuse>
						<aspectratio>stretch</aspectratio>
					</control>
					<control type="label">
						<posx>10</posx>
						<posy>5</posy>
						<width>153</width>
						<height>40</height>
						<label>$INFO[ListItem.Label]</label>
						<font>MediumLow</font>
						<align>left</align>
						<textcolor>SubmenuLabel</textcolor>
						<aligny>top</aligny>
						<wrapmultiline>true</wrapmultiline>
					</control>
					<control type="label">
						<posx>10</posx>
						<posy>5</posy>
						<width>153</width>
						<height>40</height>
						<label>$INFO[ListItem.Label]</label>
						<wrapmultiline>true</wrapmultiline>
						<font>MediumLow</font>
						<align>left</align>
						<textcolor>SubmenuSelected</textcolor>
						<aligny>top</aligny>
						<visible>Control.HasFocus(1140)</visible>
					</control>
				</itemlayout>
				<focusedlayout width="175" height="125">
					<control type="image">
						<posx>2</posx>
						<posy>2</posy>
						<width>173</width>
						<height>123</height>
						<texture>backgrounds/BG_White.png</texture>
						<colordiffuse>SubmenuFO</colordiffuse>
						<aspectratio>stretch</aspectratio>
					</control>
					<control type="label">
						<posx>10</posx>
						<posy>5</posy>
						<width>153</width>
						<height>40</height>
						<label>$INFO[ListItem.Label]</label>
						<wrapmultiline>true</wrapmultiline>
						<font>MediumLow</font>
						<align>left</align>
						<textcolor>SubmenuFocused</textcolor>
						<aligny>top</aligny>
						<visible>Control.HasFocus(1140)</visible>
					</control>
				</focusedlayout>
				<content>
					<item id="1">
						<label>$LOCALIZE[1024]</label>
						<onclick>ActivateWindow(2)</onclick>
					</item>
					<item id="2">
						<label>$LOCALIZE[24001]</label>
						<onclick>ActivateWindow(Pictures,Addons)</onclick>
					</item>
				</content>
			</control>
		</control>
<!--ADDONS SUBMENU-->
		<control type="group">
			<include>Slide_SubMenu</include>
			<visible allowhiddenfocus="true">Container(9000).HasFocus(7) | Control.HasFocus(1150)</visible>
			<control type="panel" id="1150">
				<width>875</width>
				<height>125</height>
				<onback>9000</onback>
				<onleft>1150</onleft>
				<onright>1150</onright>	
				<onup>9000</onup>
				<ondown>-</ondown>
				<orientation>horizontal</orientation>
				<scrolltime>150</scrolltime>
				<defaultcontrol always="true">1</defaultcontrol>
				<itemlayout width="175" height="125">
					<control type="image">
						<posx>2</posx>
						<posy>2</posy>
						<width>173</width>
						<height>123</height>
						<texture>backgrounds/BG_White.png</texture>
						<colordiffuse>SubmenuDisabled</colordiffuse>
						<aspectratio>stretch</aspectratio>
					</control>
					<control type="image">
						<posx>2</posx>
						<posy>2</posy>
						<width>173</width>
						<height>123</height>
						<texture>backgrounds/BG_White.png</texture>
						<visible>Control.HasFocus(1150)</visible>
						<colordiffuse>SubmenuNF</colordiffuse>
						<aspectratio>stretch</aspectratio>
					</control>
					<control type="label">
						<posx>10</posx>
						<posy>5</posy>
						<width>153</width>
						<height>40</height>
						<label>$INFO[ListItem.Label]</label>
						<font>MediumLow</font>
						<align>left</align>
						<textcolor>SubmenuLabel</textcolor>
						<aligny>top</aligny>
						<wrapmultiline>true</wrapmultiline>
					</control>
					<control type="label">
						<posx>10</posx>
						<posy>5</posy>
						<width>153</width>
						<height>40</height>
						<label>$INFO[ListItem.Label]</label>
						<wrapmultiline>true</wrapmultiline>
						<font>MediumLow</font>
						<align>left</align>
						<textcolor>SubmenuSelected</textcolor>
						<aligny>top</aligny>
						<visible>Control.HasFocus(1150)</visible>
					</control>
				</itemlayout>
				<focusedlayout width="175" height="125">
					<control type="image">
						<posx>2</posx>
						<posy>2</posy>
						<width>173</width>
						<height>123</height>
						<texture>backgrounds/BG_White.png</texture>
						<colordiffuse>SubmenuFO</colordiffuse>
						<aspectratio>stretch</aspectratio>
					</control>
					<control type="label">
						<posx>10</posx>
						<posy>5</posy>
						<width>153</width>
						<height>40</height>
						<label>$INFO[ListItem.Label]</label>
						<wrapmultiline>true</wrapmultiline>
						<font>MediumLow</font>
						<align>left</align>
						<textcolor>SubmenuFocused</textcolor>
						<aligny>top</aligny>
						<visible>Control.HasFocus(1150)</visible>
					</control>
				</focusedlayout>
				<content>
					<item id="1">
						<label>$INFO[Skin.String(addonsmenu.addon1.label)]</label>
						<onclick>RunAddon($INFO[Skin.String(addonsmenu.addon1.path)])</onclick>
						<visible>!IsEmpty(Skin.String(addonsmenu.addon1.label))</visible>
					</item>
					<item id="2">
						<label>$INFO[Skin.String(addonsmenu.addon2.label)]</label>
						<onclick>RunAddon($INFO[Skin.String(addonsmenu.addon2.path)])</onclick>
						<visible>!IsEmpty(Skin.String(addonsmenu.addon2.label))</visible>
					</item>
					<item id="3">
						<label>$INFO[Skin.String(addonsmenu.addon3.label)]</label>
						<onclick>RunAddon($INFO[Skin.String(addonsmenu.addon3.path)])</onclick>
						<visible>!IsEmpty(Skin.String(addonsmenu.addon3.label))</visible>
					</item>
					<item id="4">
						<label>$INFO[Skin.String(addonsmenu.addon4.label)]</label>
						<onclick>RunAddon($INFO[Skin.String(addonsmenu.addon4.path)])</onclick>
						<visible>!IsEmpty(Skin.String(addonsmenu.addon4.label))</visible>
					</item>
					<item id="5">
						<label>$INFO[Skin.String(addonsmenu.addon5.label)]</label>
						<onclick>RunAddon($INFO[Skin.String(addonsmenu.addon5.path)])</onclick>
						<visible>!IsEmpty(Skin.String(addonsmenu.addon5.label))</visible>
					</item>
					<item id="6">
						<label>$INFO[Skin.String(addonsmenu.addon6.label)]</label>
						<onclick>RunAddon($INFO[Skin.String(addonsmenu.addon6.path)])</onclick>
						<visible>!IsEmpty(Skin.String(addonsmenu.addon6.label))</visible>
					</item>
					<item id="7">
						<label>$LOCALIZE[24033]</label>
						<onclick>ActivateWindow(addonbrowser,addons://repos/)</onclick>
					</item>
					<item id="8">
						<label>$LOCALIZE[24043]</label>
						<onclick>ActivateWindow(addonbrowser,addons://outdated/)</onclick>
						<visible>Skin.HasSetting(addonsmenu.updates)</visible>
					</item>
					<item id="9">
						<label>$LOCALIZE[24062]</label>
						<onclick>ActivateWindow(addonbrowser,addons://enabled/)</onclick>
						<visible>Skin.HasSetting(addonsmenu.enabled)</visible>
					</item>
					<item id="10">
						<label>$LOCALIZE[0]</label>
						<onclick>ActivateWindow(programs,addons, return)</onclick>
						<visible>Skin.HasSetting(addonsmenu.programs)</visible>
					</item>
				</content>
			</control>
		</control>
<!--DISC SUBMENU-->
		<control type="group">
			<include>Slide_SubMenu</include>
			<visible allowhiddenfocus="true">Container(9000).HasFocus(11) | Control.HasFocus(1180)</visible>
			<control type="panel" id="1180">
				<width>875</width>
				<height>125</height>
				<onback>9000</onback>
				<onleft>1180</onleft>
				<onright>1180</onright>	
				<onup>9000</onup>
				<ondown>-</ondown>
				<orientation>horizontal</orientation>
				<scrolltime>150</scrolltime>
				<defaultcontrol always="true">1</defaultcontrol>
				<itemlayout width="175" height="125">
					<control type="image">
						<posx>2</posx>
						<posy>2</posy>
						<width>173</width>
						<height>123</height>
						<texture>backgrounds/BG_White.png</texture>
						<colordiffuse>SubmenuDisabled</colordiffuse>
						<aspectratio>stretch</aspectratio>
					</control>
					<control type="image">
						<posx>2</posx>
						<posy>2</posy>
						<width>173</width>
						<height>123</height>
						<texture>backgrounds/BG_White.png</texture>
						<visible>Control.HasFocus(1180)</visible>
						<colordiffuse>SubmenuNF</colordiffuse>
						<aspectratio>stretch</aspectratio>
					</control>
					<control type="label">
						<posx>10</posx>
						<posy>5</posy>
						<width>153</width>
						<height>40</height>
						<label>$INFO[ListItem.Label]</label>
						<font>MediumLow</font>
						<align>left</align>
						<textcolor>SubmenuLabel</textcolor>
						<aligny>top</aligny>
						<wrapmultiline>true</wrapmultiline>
					</control>
					<control type="label">
						<posx>10</posx>
						<posy>5</posy>
						<width>153</width>
						<height>40</height>
						<label>$INFO[ListItem.Label]</label>
						<wrapmultiline>true</wrapmultiline>
						<font>MediumLow</font>
						<align>left</align>
						<textcolor>SubmenuSelected</textcolor>
						<aligny>top</aligny>
						<visible>Control.HasFocus(1180)</visible>
					</control>
				</itemlayout>
				<focusedlayout width="175" height="125">
					<control type="image">
						<posx>2</posx>
						<posy>2</posy>
						<width>173</width>
						<height>123</height>
						<texture>backgrounds/BG_White.png</texture>
						<colordiffuse>SubmenuFO</colordiffuse>
						<aspectratio>stretch</aspectratio>
					</control>
					<control type="label">
						<posx>10</posx>
						<posy>5</posy>
						<width>153</width>
						<height>40</height>
						<label>$INFO[ListItem.Label]</label>
						<wrapmultiline>true</wrapmultiline>
						<font>MediumLow</font>
						<align>left</align>
						<textcolor>SubmenuFocused</textcolor>
						<aligny>top</aligny>
						<visible>Control.HasFocus(1180)</visible>
					</control>
				</focusedlayout>
				<content>
					<item id="1">
						<description>play</description>
						<label>$LOCALIZE[208]</label>
						<onclick>PlayDVD</onclick>
					</item>
					<item id="2">
						<description>eject</description>
						<label>$LOCALIZE[13391]</label>
						<onclick>EjectTray()</onclick>
					</item>
				</content>
			</control>
		</control>
	</control>
</include>
</includes>