<?xml version="1.0" encoding="UTF-8"?>

<includes>

	<!-- Recently added Movies -->
	<include name="NewMovieContent">
		<item id="1">
			<label>$INFO[Window.Property(RecentMovie.1.Title)]</label>
			<label2>$INFO[Window.Property(RecentMovie.1.Year)]</label2>
			<onclick>$INFO[Window(Home).Property(RecentMovie.1.Play)]</onclick>
			<icon>$INFO[Window(Home).Property(RecentMovie.1.Art(poster))]</icon>
			<property name="Fanart">$INFO[Window(Home).Property(RecentMovie.1.Art(fanart))]</property>
			<property name="Poster">$INFO[Window(Home).Property(RecentMovie.1.Art(poster))]</property>
			<property name="Plot">$INFO[Window(Home).Property(RecentMovie.1.PlotOutline)]</property>
			<property name="Genre">$INFO[Window(Home).Property(RecentMovie.1.Genre)]</property>
			<property name="Title">$INFO[Window(Home).Property(RecentMovie.1.Title)]</property>
			<property name="Year">$INFO[Window(Home).Property(RecentMovie.1.Year)]</property>
			<property name="Runtime">$INFO[Window(Home).Property(RecentMovie.1.Runtime)]</property>
			<property name="Studio">$INFO[Window(Home).Property(RecentMovie.1.Studio)]</property>
			<property name="Rating">$INFO[Window(Home).Property(RecentMovie.1.Rating)]</property>
			<thumb>-</thumb>
		</item>
		<item id="2">
			<label>$INFO[Window.Property(RecentMovie.2.Title)]</label>
			<label2>$INFO[Window.Property(RecentMovie.2.Year)]</label2>
			<onclick>$INFO[Window(Home).Property(RecentMovie.2.Play)]</onclick>
			<icon>$INFO[Window(Home).Property(RecentMovie.2.Art(poster))]</icon>
			<property name="Fanart">$INFO[Window(Home).Property(RecentMovie.2.Art(fanart))]</property>
			<property name="Poster">$INFO[Window(Home).Property(RecentMovie.2.Art(poster))]</property>
			<property name="Plot">$INFO[Window(Home).Property(RecentMovie.2.PlotOutline)]</property>
			<property name="Genre">$INFO[Window(Home).Property(RecentMovie.2.Genre)]</property>
			<property name="Title">$INFO[Window(Home).Property(RecentMovie.2.Title)]</property>
			<property name="Year">$INFO[Window(Home).Property(RecentMovie.2.Year)]</property>
			<property name="Runtime">$INFO[Window(Home).Property(RecentMovie.2.Runtime)]</property>
			<property name="Studio">$INFO[Window(Home).Property(RecentMovie.2.Studio)]</property>
			<property name="Rating">$INFO[Window(Home).Property(RecentMovie.2.Rating)]</property>
			<thumb>-</thumb>
		</item>
		<item id="3">
			<label>$INFO[Window.Property(RecentMovie.3.Title)]</label>
			<label2>$INFO[Window.Property(RecentMovie.3.Year)]</label2>
			<onclick>$INFO[Window(Home).Property(RecentMovie.3.Play)]</onclick>
			<icon>$INFO[Window(Home).Property(RecentMovie.3.Art(poster))]</icon>
			<property name="Fanart">$INFO[Window(Home).Property(RecentMovie.3.Art(fanart))]</property>
			<property name="Poster">$INFO[Window(Home).Property(RecentMovie.3.Art(poster))]</property>
			<property name="Plot">$INFO[Window(Home).Property(RecentMovie.3.PlotOutline)]</property>
			<property name="Genre">$INFO[Window(Home).Property(RecentMovie.3.Genre)]</property>
			<property name="Title">$INFO[Window(Home).Property(RecentMovie.3.Title)]</property>
			<property name="Year">$INFO[Window(Home).Property(RecentMovie.3.Year)]</property>
			<property name="Runtime">$INFO[Window(Home).Property(RecentMovie.3.Runtime)]</property>
			<property name="Studio">$INFO[Window(Home).Property(RecentMovie.3.Studio)]</property>
			<property name="Rating">$INFO[Window(Home).Property(RecentMovie.3.Rating)]</property>
			<thumb>-</thumb>
		</item>
		<item id="4">
			<label>$INFO[Window.Property(RecentMovie.4.Title)]</label>
			<label2>$INFO[Window.Property(RecentMovie.4.Year)]</label2>
			<onclick>$INFO[Window(Home).Property(RecentMovie.4.Play)]</onclick>
			<icon>$INFO[Window(Home).Property(RecentMovie.4.Art(poster))]</icon>
			<property name="Fanart">$INFO[Window(Home).Property(RecentMovie.4.Art(fanart))]</property>
			<property name="Poster">$INFO[Window(Home).Property(RecentMovie.4.Art(poster))]</property>
			<property name="Plot">$INFO[Window(Home).Property(RecentMovie.4.PlotOutline)]</property>
			<property name="Genre">$INFO[Window(Home).Property(RecentMovie.4.Genre)]</property>
			<property name="Title">$INFO[Window(Home).Property(RecentMovie.4.Title)]</property>
			<property name="Year">$INFO[Window(Home).Property(RecentMovie.4.Year)]</property>
			<property name="Runtime">$INFO[Window(Home).Property(RecentMovie.4.Runtime)]</property>
			<property name="Studio">$INFO[Window(Home).Property(RecentMovie.4.Studio)]</property>
			<property name="Rating">$INFO[Window(Home).Property(RecentMovie.4.Rating)]</property>
			<thumb>-</thumb>
		</item>
		<item id="5">
			<label>$INFO[Window.Property(RecentMovie.5.Title)]</label>
			<label2>$INFO[Window.Property(RecentMovie.5.Year)]</label2>
			<onclick>$INFO[Window(Home).Property(RecentMovie.5.Play)]</onclick>
			<icon>$INFO[Window(Home).Property(RecentMovie.5.Art(poster))]</icon>
			<property name="Fanart">$INFO[Window(Home).Property(RecentMovie.5.Art(fanart))]</property>
			<property name="Poster">$INFO[Window(Home).Property(RecentMovie.5.Art(poster))]</property>
			<property name="Plot">$INFO[Window(Home).Property(RecentMovie.5.PlotOutline)]</property>
			<property name="Genre">$INFO[Window(Home).Property(RecentMovie.5.Genre)]</property>
			<property name="Title">$INFO[Window(Home).Property(RecentMovie.5.Title)]</property>
			<property name="Year">$INFO[Window(Home).Property(RecentMovie.5.Year)]</property>
			<property name="Runtime">$INFO[Window(Home).Property(RecentMovie.5.Runtime)]</property>
			<property name="Studio">$INFO[Window(Home).Property(RecentMovie.5.Studio)]</property>
			<property name="Rating">$INFO[Window(Home).Property(RecentMovie.5.Rating)]</property>
			<thumb>-</thumb>
		</item>
		<item id="6">
			<label>$INFO[Window.Property(RecentMovie.6.Title)]</label>
			<label2>$INFO[Window.Property(RecentMovie.6.Year)]</label2>
			<onclick>$INFO[Window(Home).Property(RecentMovie.6.Play)]</onclick>
			<icon>$INFO[Window(Home).Property(RecentMovie.6.Art(poster))]</icon>
			<property name="Fanart">$INFO[Window(Home).Property(RecentMovie.6.Art(fanart))]</property>
			<property name="Poster">$INFO[Window(Home).Property(RecentMovie.6.Art(poster))]</property>
			<property name="Plot">$INFO[Window(Home).Property(RecentMovie.6.PlotOutline)]</property>
			<property name="Genre">$INFO[Window(Home).Property(RecentMovie.6.Genre)]</property>
			<property name="Title">$INFO[Window(Home).Property(RecentMovie.6.Title)]</property>
			<property name="Year">$INFO[Window(Home).Property(RecentMovie.6.Year)]</property>
			<property name="Runtime">$INFO[Window(Home).Property(RecentMovie.6.Runtime)]</property>
			<property name="Studio">$INFO[Window(Home).Property(RecentMovie.6.Studio)]</property>
			<property name="Rating">$INFO[Window(Home).Property(RecentMovie.6.Rating)]</property>
			<thumb>-</thumb>
		</item>
		<item id="7">
			<label>$INFO[Window.Property(RecentMovie.7.Title)]</label>
			<label2>$INFO[Window.Property(RecentMovie.7.Year)]</label2>
			<onclick>$INFO[Window(Home).Property(RecentMovie.7.Play)]</onclick>
			<icon>$INFO[Window(Home).Property(RecentMovie.7.Art(poster))]</icon>
			<property name="Fanart">$INFO[Window(Home).Property(RecentMovie.7.Art(fanart))]</property>
			<property name="Poster">$INFO[Window(Home).Property(RecentMovie.7.Art(poster))]</property>
			<property name="Plot">$INFO[Window(Home).Property(RecentMovie.7.PlotOutline)]</property>
			<property name="Genre">$INFO[Window(Home).Property(RecentMovie.7.Genre)]</property>
			<property name="Title">$INFO[Window(Home).Property(RecentMovie.7.Title)]</property>
			<property name="Year">$INFO[Window(Home).Property(RecentMovie.7.Year)]</property>
			<property name="Runtime">$INFO[Window(Home).Property(RecentMovie.7.Runtime)]</property>
			<property name="Studio">$INFO[Window(Home).Property(RecentMovie.7.Studio)]</property>
			<property name="Rating">$INFO[Window(Home).Property(RecentMovie.7.Rating)]</property>
			<thumb>-</thumb>
		</item>
		<item id="8">
			<label>$INFO[Window.Property(RecentMovie.8.Title)]</label>
			<label2>$INFO[Window.Property(RecentMovie.8.Year)]</label2>
			<onclick>$INFO[Window(Home).Property(RecentMovie.8.Play)]</onclick>
			<icon>$INFO[Window(Home).Property(RecentMovie.8.Art(poster))]</icon>
			<property name="Fanart">$INFO[Window(Home).Property(RecentMovie.8.Art(fanart))]</property>
			<property name="Poster">$INFO[Window(Home).Property(RecentMovie.8.Art(poster))]</property>
			<property name="Plot">$INFO[Window(Home).Property(RecentMovie.8.PlotOutline)]</property>
			<property name="Genre">$INFO[Window(Home).Property(RecentMovie.8.Genre)]</property>
			<property name="Title">$INFO[Window(Home).Property(RecentMovie.8.Title)]</property>
			<property name="Year">$INFO[Window(Home).Property(RecentMovie.8.Year)]</property>
			<property name="Runtime">$INFO[Window(Home).Property(RecentMovie.8.Runtime)]</property>
			<property name="Studio">$INFO[Window(Home).Property(RecentMovie.8.Studio)]</property>
			<property name="Rating">$INFO[Window(Home).Property(RecentMovie.8.Rating)]</property>
			<thumb>-</thumb>
		</item>
		<item id="9">
			<label>$INFO[Window.Property(RecentMovie.9.Title)]</label>
			<label2>$INFO[Window.Property(RecentMovie.9.Year)]</label2>
			<onclick>$INFO[Window(Home).Property(RecentMovie.9.Play)]</onclick>
			<icon>$INFO[Window(Home).Property(RecentMovie.9.Art(poster))]</icon>
			<property name="Fanart">$INFO[Window(Home).Property(RecentMovie.9.Art(fanart))]</property>
			<property name="Poster">$INFO[Window(Home).Property(RecentMovie.9.Art(poster))]</property>
			<property name="Plot">$INFO[Window(Home).Property(RecentMovie.9.PlotOutline)]</property>
			<property name="Genre">$INFO[Window(Home).Property(RecentMovie.9.Genre)]</property>
			<property name="Title">$INFO[Window(Home).Property(RecentMovie.9.Title)]</property>
			<property name="Year">$INFO[Window(Home).Property(RecentMovie.9.Year)]</property>
			<property name="Runtime">$INFO[Window(Home).Property(RecentMovie.9.Runtime)]</property>
			<property name="Studio">$INFO[Window(Home).Property(RecentMovie.9.Studio)]</property>
			<property name="Rating">$INFO[Window(Home).Property(RecentMovie.9.Rating)]</property>
			<thumb>-</thumb>
		</item>
		<item id="10">
			<label>$INFO[Window.Property(RecentMovie.10.Title)]</label>
			<label2>$INFO[Window.Property(RecentMovie.10.Year)]</label2>
			<onclick>$INFO[Window(Home).Property(RecentMovie.10.Play)]</onclick>
			<icon>$INFO[Window(Home).Property(RecentMovie.10.Art(poster))]</icon>
			<property name="Fanart">$INFO[Window(Home).Property(RecentMovie.10.Art(fanart))]</property>
			<property name="Poster">$INFO[Window(Home).Property(RecentMovie.10.Art(poster))]</property>
			<property name="Plot">$INFO[Window(Home).Property(RecentMovie.10.PlotOutline)]</property>
			<property name="Genre">$INFO[Window(Home).Property(RecentMovie.10.Genre)]</property>
			<property name="Title">$INFO[Window(Home).Property(RecentMovie.10.Title)]</property>
			<property name="Year">$INFO[Window(Home).Property(RecentMovie.10.Year)]</property>
			<property name="Runtime">$INFO[Window(Home).Property(RecentMovie.10.Runtime)]</property>
			<property name="Studio">$INFO[Window(Home).Property(RecentMovie.10.Studio)]</property>
			<property name="Rating">$INFO[Window(Home).Property(RecentMovie.10.Rating)]</property>
			<thumb>-</thumb>
		</item>
	</include>

	<!-- Recommended Movies -->
	<include name="RecommendedMovieContent">
		<item id="1">
			<label>$INFO[Window.Property(RecommendedMovie.1.Title)]</label>
			<label2>$INFO[Window.Property(RecommendedMovie.1.Year)]</label2>
			<onclick>$INFO[Window(Home).Property(RecommendedMovie.1.Play)]</onclick>
			<icon>$INFO[Window(Home).Property(RecommendedMovie.1.Art(poster))]</icon>
			<property name="Fanart">$INFO[Window(Home).Property(RecommendedMovie.1.Art(fanart))]</property>
			<property name="Poster">$INFO[Window(Home).Property(RecommendedMovie.1.Art(poster))]</property>
			<property name="Plot">$INFO[Window(Home).Property(RecommendedMovie.1.PlotOutline)]</property>
			<property name="Genre">$INFO[Window(Home).Property(RecommendedMovie.1.Genre)]</property>
			<property name="Title">$INFO[Window(Home).Property(RecommendedMovie.1.Title)]</property>
			<property name="Year">$INFO[Window(Home).Property(RecommendedMovie.1.Year)]</property>
			<property name="Runtime">$INFO[Window(Home).Property(RecommendedMovie.1.Runtime)]</property>
			<property name="Studio">$INFO[Window(Home).Property(RecommendedMovie.1.Studio)]</property>
			<property name="Rating">$INFO[Window(Home).Property(RecommendedMovie.1.Rating)]</property>
			<visible>!IsEmpty(Window.Property(RecommendedMovie.1.Title))</visible>
			<thumb>-</thumb>
		</item>
		<item id="2">
			<label>$INFO[Window.Property(RecommendedMovie.2.Title)]</label>
			<label2>$INFO[Window.Property(RecommendedMovie.2.Year)]</label2>
			<onclick>$INFO[Window(Home).Property(RecommendedMovie.2.Play)]</onclick>
			<icon>$INFO[Window(Home).Property(RecommendedMovie.2.Art(poster))]</icon>
			<property name="Fanart">$INFO[Window(Home).Property(RecommendedMovie.2.Art(fanart))]</property>
			<property name="Poster">$INFO[Window(Home).Property(RecommendedMovie.2.Art(poster))]</property>
			<property name="Plot">$INFO[Window(Home).Property(RecommendedMovie.2.PlotOutline)]</property>
			<property name="Genre">$INFO[Window(Home).Property(RecommendedMovie.2.Genre)]</property>
			<property name="Title">$INFO[Window(Home).Property(RecommendedMovie.2.Title)]</property>
			<property name="Year">$INFO[Window(Home).Property(RecommendedMovie.2.Year)]</property>
			<property name="Runtime">$INFO[Window(Home).Property(RecommendedMovie.2.Runtime)]</property>
			<property name="Studio">$INFO[Window(Home).Property(RecommendedMovie.2.Studio)]</property>
			<property name="Rating">$INFO[Window(Home).Property(RecommendedMovie.2.Rating)]</property>
			<visible>!IsEmpty(Window.Property(RecommendedMovie.2.Title))</visible>
			<thumb>-</thumb>
		</item>
		<item id="3">
			<label>$INFO[Window.Property(RecommendedMovie.3.Title)]</label>
			<label2>$INFO[Window.Property(RecommendedMovie.3.Year)]</label2>
			<onclick>$INFO[Window(Home).Property(RecommendedMovie.3.Play)]</onclick>
			<icon>$INFO[Window(Home).Property(RecommendedMovie.3.Art(poster))]</icon>
			<property name="Fanart">$INFO[Window(Home).Property(RecommendedMovie.3.Art(fanart))]</property>
			<property name="Poster">$INFO[Window(Home).Property(RecommendedMovie.3.Art(poster))]</property>
			<property name="Plot">$INFO[Window(Home).Property(RecommendedMovie.3.PlotOutline)]</property>
			<property name="Genre">$INFO[Window(Home).Property(RecommendedMovie.3.Genre)]</property>
			<property name="Title">$INFO[Window(Home).Property(RecommendedMovie.3.Title)]</property>
			<property name="Year">$INFO[Window(Home).Property(RecommendedMovie.3.Year)]</property>
			<property name="Runtime">$INFO[Window(Home).Property(RecommendedMovie.3.Runtime)]</property>
			<property name="Studio">$INFO[Window(Home).Property(RecommendedMovie.3.Studio)]</property>
			<property name="Rating">$INFO[Window(Home).Property(RecommendedMovie.3.Rating)]</property>
			<visible>!IsEmpty(Window.Property(RecommendedMovie.3.Title))</visible>
			<thumb>-</thumb>
		</item>
		<item id="4">
			<label>$INFO[Window.Property(RecommendedMovie.4.Title)]</label>
			<label2>$INFO[Window.Property(RecommendedMovie.4.Year)]</label2>
			<onclick>$INFO[Window(Home).Property(RecommendedMovie.4.Play)]</onclick>
			<icon>$INFO[Window(Home).Property(RecommendedMovie.4.Art(poster))]</icon>
			<property name="Fanart">$INFO[Window(Home).Property(RecommendedMovie.4.Art(fanart))]</property>
			<property name="Poster">$INFO[Window(Home).Property(RecommendedMovie.4.Art(poster))]</property>
			<property name="Plot">$INFO[Window(Home).Property(RecommendedMovie.4.PlotOutline)]</property>
			<property name="Genre">$INFO[Window(Home).Property(RecommendedMovie.4.Genre)]</property>
			<property name="Title">$INFO[Window(Home).Property(RecommendedMovie.4.Title)]</property>
			<property name="Year">$INFO[Window(Home).Property(RecommendedMovie.4.Year)]</property>
			<property name="Runtime">$INFO[Window(Home).Property(RecommendedMovie.4.Runtime)]</property>
			<property name="Studio">$INFO[Window(Home).Property(RecommendedMovie.4.Studio)]</property>
			<property name="Rating">$INFO[Window(Home).Property(RecommendedMovie.4.Rating)]</property>
			<visible>!IsEmpty(Window.Property(RecommendedMovie.4.Title))</visible>
			<thumb>-</thumb>
		</item>
		<item id="5">
			<label>$INFO[Window.Property(RecommendedMovie.5.Title)]</label>
			<label2>$INFO[Window.Property(RecommendedMovie.5.Year)]</label2>
			<onclick>$INFO[Window(Home).Property(RecommendedMovie.5.Play)]</onclick>
			<icon>$INFO[Window(Home).Property(RecommendedMovie.5.Art(poster))]</icon>
			<property name="Fanart">$INFO[Window(Home).Property(RecommendedMovie.5.Art(fanart))]</property>
			<property name="Poster">$INFO[Window(Home).Property(RecommendedMovie.5.Art(poster))]</property>
			<property name="Plot">$INFO[Window(Home).Property(RecommendedMovie.5.PlotOutline)]</property>
			<property name="Genre">$INFO[Window(Home).Property(RecommendedMovie.5.Genre)]</property>
			<property name="Title">$INFO[Window(Home).Property(RecommendedMovie.5.Title)]</property>
			<property name="Year">$INFO[Window(Home).Property(RecommendedMovie.5.Year)]</property>
			<property name="Runtime">$INFO[Window(Home).Property(RecommendedMovie.5.Runtime)]</property>
			<property name="Studio">$INFO[Window(Home).Property(RecommendedMovie.5.Studio)]</property>
			<property name="Rating">$INFO[Window(Home).Property(RecommendedMovie.5.Rating)]</property>
			<visible>!IsEmpty(Window.Property(RecommendedMovie.5.Title))</visible>
			<thumb>-</thumb>
		</item>
		<item id="6">
			<label>$INFO[Window.Property(RecommendedMovie.6.Title)]</label>
			<label2>$INFO[Window.Property(RecommendedMovie.6.Year)]</label2>
			<onclick>$INFO[Window(Home).Property(RecommendedMovie.6.Play)]</onclick>
			<icon>$INFO[Window(Home).Property(RecommendedMovie.6.Art(poster))]</icon>
			<property name="Fanart">$INFO[Window(Home).Property(RecommendedMovie.6.Art(fanart))]</property>
			<property name="Poster">$INFO[Window(Home).Property(RecommendedMovie.6.Art(poster))]</property>
			<property name="Plot">$INFO[Window(Home).Property(RecommendedMovie.6.PlotOutline)]</property>
			<property name="Genre">$INFO[Window(Home).Property(RecommendedMovie.6.Genre)]</property>
			<property name="Title">$INFO[Window(Home).Property(RecommendedMovie.6.Title)]</property>
			<property name="Year">$INFO[Window(Home).Property(RecommendedMovie.6.Year)]</property>
			<property name="Runtime">$INFO[Window(Home).Property(RecommendedMovie.6.Runtime)]</property>
			<property name="Studio">$INFO[Window(Home).Property(RecommendedMovie.6.Studio)]</property>
			<property name="Rating">$INFO[Window(Home).Property(RecommendedMovie.6.Rating)]</property>
			<visible>!IsEmpty(Window.Property(RecommendedMovie.6.Title))</visible>
			<thumb>-</thumb>
		</item>
		<item id="7">
			<label>$INFO[Window.Property(RecommendedMovie.7.Title)]</label>
			<label2>$INFO[Window.Property(RecommendedMovie.7.Year)]</label2>
			<onclick>$INFO[Window(Home).Property(RecommendedMovie.7.Play)]</onclick>
			<icon>$INFO[Window(Home).Property(RecommendedMovie.7.Art(poster))]</icon>
			<property name="Fanart">$INFO[Window(Home).Property(RecommendedMovie.7.Art(fanart))]</property>
			<property name="Poster">$INFO[Window(Home).Property(RecommendedMovie.7.Art(poster))]</property>
			<property name="Plot">$INFO[Window(Home).Property(RecommendedMovie.7.PlotOutline)]</property>
			<property name="Genre">$INFO[Window(Home).Property(RecommendedMovie.7.Genre)]</property>
			<property name="Title">$INFO[Window(Home).Property(RecommendedMovie.7.Title)]</property>
			<property name="Year">$INFO[Window(Home).Property(RecommendedMovie.7.Year)]</property>
			<property name="Runtime">$INFO[Window(Home).Property(RecommendedMovie.7.Runtime)]</property>
			<property name="Studio">$INFO[Window(Home).Property(RecommendedMovie.7.Studio)]</property>
			<property name="Rating">$INFO[Window(Home).Property(RecommendedMovie.7.Rating)]</property>
			<visible>!IsEmpty(Window.Property(RecommendedMovie.7.Title))</visible>
			<thumb>-</thumb>
		</item>
		<item id="8">
			<label>$INFO[Window.Property(RecommendedMovie.8.Title)]</label>
			<label2>$INFO[Window.Property(RecommendedMovie.8.Year)]</label2>
			<onclick>$INFO[Window(Home).Property(RecommendedMovie.8.Play)]</onclick>
			<icon>$INFO[Window(Home).Property(RecommendedMovie.8.Art(poster))]</icon>
			<property name="Fanart">$INFO[Window(Home).Property(RecommendedMovie.8.Art(fanart))]</property>
			<property name="Poster">$INFO[Window(Home).Property(RecommendedMovie.8.Art(poster))]</property>
			<property name="Plot">$INFO[Window(Home).Property(RecommendedMovie.8.PlotOutline)]</property>
			<property name="Genre">$INFO[Window(Home).Property(RecommendedMovie.8.Genre)]</property>
			<property name="Title">$INFO[Window(Home).Property(RecommendedMovie.8.Title)]</property>
			<property name="Year">$INFO[Window(Home).Property(RecommendedMovie.8.Year)]</property>
			<property name="Runtime">$INFO[Window(Home).Property(RecommendedMovie.8.Runtime)]</property>
			<property name="Studio">$INFO[Window(Home).Property(RecommendedMovie.8.Studio)]</property>
			<property name="Rating">$INFO[Window(Home).Property(RecommendedMovie.8.Rating)]</property>
			<visible>!IsEmpty(Window.Property(RecommendedMovie.8.Title))</visible>
			<thumb>-</thumb>
		</item>
		<item id="9">
			<label>$INFO[Window.Property(RecommendedMovie.9.Title)]</label>
			<label2>$INFO[Window.Property(RecommendedMovie.9.Year)]</label2>
			<onclick>$INFO[Window(Home).Property(RecommendedMovie.9.Play)]</onclick>
			<icon>$INFO[Window(Home).Property(RecommendedMovie.9.Art(poster))]</icon>
			<property name="Fanart">$INFO[Window(Home).Property(RecommendedMovie.9.Art(fanart))]</property>
			<property name="Poster">$INFO[Window(Home).Property(RecommendedMovie.9.Art(poster))]</property>
			<property name="Plot">$INFO[Window(Home).Property(RecommendedMovie.9.PlotOutline)]</property>
			<property name="Genre">$INFO[Window(Home).Property(RecommendedMovie.9.Genre)]</property>
			<property name="Title">$INFO[Window(Home).Property(RecommendedMovie.9.Title)]</property>
			<property name="Year">$INFO[Window(Home).Property(RecommendedMovie.9.Year)]</property>
			<property name="Runtime">$INFO[Window(Home).Property(RecommendedMovie.9.Runtime)]</property>
			<property name="Studio">$INFO[Window(Home).Property(RecommendedMovie.9.Studio)]</property>
			<property name="Rating">$INFO[Window(Home).Property(RecommendedMovie.9.Rating)]</property>
			<visible>!IsEmpty(Window.Property(RecommendedMovie.9.Title))</visible>
			<thumb>-</thumb>
		</item>
		<item id="10">
			<label>$INFO[Window.Property(RecommendedMovie.10.Title)]</label>
			<label2>$INFO[Window.Property(RecommendedMovie.10.Year)]</label2>
			<onclick>$INFO[Window(Home).Property(RecommendedMovie.10.Play)]</onclick>
			<icon>$INFO[Window(Home).Property(RecommendedMovie.10.Art(poster))]</icon>
			<property name="Fanart">$INFO[Window(Home).Property(RecommendedMovie.10.Art(fanart))]</property>
			<property name="Poster">$INFO[Window(Home).Property(RecommendedMovie.10.Art(poster))]</property>
			<property name="Plot">$INFO[Window(Home).Property(RecommendedMovie.10.PlotOutline)]</property>
			<property name="Genre">$INFO[Window(Home).Property(RecommendedMovie.10.Genre)]</property>
			<property name="Title">$INFO[Window(Home).Property(RecommendedMovie.10.Title)]</property>
			<property name="Year">$INFO[Window(Home).Property(RecommendedMovie.10.Year)]</property>
			<property name="Runtime">$INFO[Window(Home).Property(RecommendedMovie.10.Runtime)]</property>
			<property name="Studio">$INFO[Window(Home).Property(RecommendedMovie.10.Studio)]</property>
			<property name="Rating">$INFO[Window(Home).Property(RecommendedMovie.10.Rating)]</property>
			<visible>!IsEmpty(Window.Property(RecommendedMovie.10.Title))</visible>
			<thumb>-</thumb>
		</item>
	</include>
	
	<!-- Recently added Episodes -->
	<include name="NewEpisodeContent">
		<item id="1">
			<label>$INFO[Window.Property(RecentEpisode.1.Title)]</label>
			<onclick>$INFO[Window(Home).Property(RecentEpisode.1.Play)]</onclick>
			<icon>$INFO[Window(Home).Property(RecentEpisode.1.Art(tvshow.poster))]</icon>
			<thumb>$INFO[Window(Home).Property(RecentEpisode.1.Art(thumb))]</thumb>
			<property name="Fanart">$INFO[Window(Home).Property(RecentEpisode.1.Art(tvshow.fanart))]</property>
			<property name="Poster">$INFO[Window(Home).Property(RecentEpisode.1.Art(tvshow.poster))]</property>
			<property name="Title">$INFO[Window(Home).Property(RecentEpisode.1.TVshowTitle)]</property>
			<property name="EpisodeTitle">$INFO[Window(Home).Property(RecentEpisode.1.Title)]</property>
			<property name="EpisodeNum">$INFO[Window(Home).Property(RecentEpisode.1.Episode)]</property>
			<property name="SeasonNum">$INFO[Window(Home).Property(RecentEpisode.1.Season)]</property>
			<property name="Rating">$INFO[Window(Home).Property(RecentEpisode.1.Rating)]</property>
			<property name="Plot">$INFO[Window(Home).Property(RecentEpisode.1.Plot)]</property>
		</item>
		<item id="2">
			<label>$INFO[Window.Property(RecentEpisode.2.Title)]</label>
			<onclick>$INFO[Window(Home).Property(RecentEpisode.2.Play)]</onclick>
			<icon>$INFO[Window(Home).Property(RecentEpisode.2.Art(tvshow.poster))]</icon>
			<thumb>$INFO[Window(Home).Property(RecentEpisode.2.Art(thumb))]</thumb>
			<property name="Fanart">$INFO[Window(Home).Property(RecentEpisode.2.Art(tvshow.fanart))]</property>
			<property name="Poster">$INFO[Window(Home).Property(RecentEpisode.2.Art(tvshow.poster))]</property>
			<property name="Title">$INFO[Window(Home).Property(RecentEpisode.2.TVshowTitle)]</property>
			<property name="EpisodeTitle">$INFO[Window(Home).Property(RecentEpisode.2.Title)]</property>
			<property name="EpisodeNum">$INFO[Window(Home).Property(RecentEpisode.2.Episode)]</property>
			<property name="SeasonNum">$INFO[Window(Home).Property(RecentEpisode.2.Season)]</property>
			<property name="Rating">$INFO[Window(Home).Property(RecentEpisode.2.Rating)]</property>
			<property name="Plot">$INFO[Window(Home).Property(RecentEpisode.2.Plot)]</property>
		</item>
		<item id="3">
			<label>$INFO[Window.Property(RecentEpisode.3.Title)]</label>
			<onclick>$INFO[Window(Home).Property(RecentEpisode.3.Play)]</onclick>
			<icon>$INFO[Window(Home).Property(RecentEpisode.3.Art(tvshow.poster))]</icon>
			<thumb>$INFO[Window(Home).Property(RecentEpisode.3.Art(thumb))]</thumb>
			<property name="Fanart">$INFO[Window(Home).Property(RecentEpisode.3.Art(tvshow.fanart))]</property>
			<property name="Poster">$INFO[Window(Home).Property(RecentEpisode.3.Art(tvshow.poster))]</property>
			<property name="Title">$INFO[Window(Home).Property(RecentEpisode.3.TVshowTitle)]</property>
			<property name="EpisodeTitle">$INFO[Window(Home).Property(RecentEpisode.3.Title)]</property>
			<property name="EpisodeNum">$INFO[Window(Home).Property(RecentEpisode.3.Episode)]</property>
			<property name="SeasonNum">$INFO[Window(Home).Property(RecentEpisode.3.Season)]</property>
			<property name="Rating">$INFO[Window(Home).Property(RecentEpisode.3.Rating)]</property>
			<property name="Plot">$INFO[Window(Home).Property(RecentEpisode.3.Plot)]</property>
		</item>
		<item id="4">
			<label>$INFO[Window.Property(RecentEpisode.4.Title)]</label>
			<onclick>$INFO[Window(Home).Property(RecentEpisode.4.Play)]</onclick>
			<icon>$INFO[Window(Home).Property(RecentEpisode.4.Art(tvshow.poster))]</icon>
			<thumb>$INFO[Window(Home).Property(RecentEpisode.4.Art(thumb))]</thumb>
			<property name="Fanart">$INFO[Window(Home).Property(RecentEpisode.4.Art(tvshow.fanart))]</property>
			<property name="Poster">$INFO[Window(Home).Property(RecentEpisode.4.Art(tvshow.poster))]</property>
			<property name="Title">$INFO[Window(Home).Property(RecentEpisode.4.TVshowTitle)]</property>
			<property name="EpisodeTitle">$INFO[Window(Home).Property(RecentEpisode.4.Title)]</property>
			<property name="EpisodeNum">$INFO[Window(Home).Property(RecentEpisode.4.Episode)]</property>
			<property name="SeasonNum">$INFO[Window(Home).Property(RecentEpisode.4.Season)]</property>
			<property name="Rating">$INFO[Window(Home).Property(RecentEpisode.4.Rating)]</property>
			<property name="Plot">$INFO[Window(Home).Property(RecentEpisode.4.Plot)]</property>
		</item>
		<item id="5">
			<label>$INFO[Window.Property(RecentEpisode.5.Title)]</label>
			<onclick>$INFO[Window(Home).Property(RecentEpisode.5.Play)]</onclick>
			<icon>$INFO[Window(Home).Property(RecentEpisode.5.Art(tvshow.poster))]</icon>
			<thumb>$INFO[Window(Home).Property(RecentEpisode.5.Art(thumb))]</thumb>
			<property name="Fanart">$INFO[Window(Home).Property(RecentEpisode.5.Art(tvshow.fanart))]</property>
			<property name="Poster">$INFO[Window(Home).Property(RecentEpisode.5.Art(tvshow.poster))]</property>
			<property name="Title">$INFO[Window(Home).Property(RecentEpisode.5.TVshowTitle)]</property>
			<property name="EpisodeTitle">$INFO[Window(Home).Property(RecentEpisode.5.Title)]</property>
			<property name="EpisodeNum">$INFO[Window(Home).Property(RecentEpisode.5.Episode)]</property>
			<property name="SeasonNum">$INFO[Window(Home).Property(RecentEpisode.5.Season)]</property>
			<property name="Rating">$INFO[Window(Home).Property(RecentEpisode.5.Rating)]</property>
			<property name="Plot">$INFO[Window(Home).Property(RecentEpisode.5.Plot)]</property>
		</item>
		<item id="6">
			<label>$INFO[Window.Property(RecentEpisode.6.Title)]</label>
			<onclick>$INFO[Window(Home).Property(RecentEpisode.6.Play)]</onclick>
			<icon>$INFO[Window(Home).Property(RecentEpisode.6.Art(tvshow.poster))]</icon>
			<thumb>$INFO[Window(Home).Property(RecentEpisode.6.Art(thumb))]</thumb>
			<property name="Fanart">$INFO[Window(Home).Property(RecentEpisode.6.Art(tvshow.fanart))]</property>
			<property name="Poster">$INFO[Window(Home).Property(RecentEpisode.6.Art(tvshow.poster))]</property>
			<property name="Title">$INFO[Window(Home).Property(RecentEpisode.6.TVshowTitle)]</property>
			<property name="EpisodeTitle">$INFO[Window(Home).Property(RecentEpisode.6.Title)]</property>
			<property name="EpisodeNum">$INFO[Window(Home).Property(RecentEpisode.6.Episode)]</property>
			<property name="SeasonNum">$INFO[Window(Home).Property(RecentEpisode.6.Season)]</property>
			<property name="Rating">$INFO[Window(Home).Property(RecentEpisode.6.Rating)]</property>
			<property name="Plot">$INFO[Window(Home).Property(RecentEpisode.6.Plot)]</property>
		</item>
		<item id="7">
			<label>$INFO[Window.Property(RecentEpisode.7.Title)]</label>
			<onclick>$INFO[Window(Home).Property(RecentEpisode.7.Play)]</onclick>
			<icon>$INFO[Window(Home).Property(RecentEpisode.7.Art(tvshow.poster))]</icon>
			<thumb>$INFO[Window(Home).Property(RecentEpisode.7.Art(thumb))]</thumb>
			<property name="Fanart">$INFO[Window(Home).Property(RecentEpisode.7.Art(tvshow.fanart))]</property>
			<property name="Poster">$INFO[Window(Home).Property(RecentEpisode.7.Art(tvshow.poster))]</property>
			<property name="Title">$INFO[Window(Home).Property(RecentEpisode.7.TVshowTitle)]</property>
			<property name="EpisodeTitle">$INFO[Window(Home).Property(RecentEpisode.7.Title)]</property>
			<property name="EpisodeNum">$INFO[Window(Home).Property(RecentEpisode.7.Episode)]</property>
			<property name="SeasonNum">$INFO[Window(Home).Property(RecentEpisode.7.Season)]</property>
			<property name="Rating">$INFO[Window(Home).Property(RecentEpisode.7.Rating)]</property>
			<property name="Plot">$INFO[Window(Home).Property(RecentEpisode.7.Plot)]</property>
		</item>
		<item id="8">
			<label>$INFO[Window.Property(RecentEpisode.8.Title)]</label>
			<onclick>$INFO[Window(Home).Property(RecentEpisode.8.Play)]</onclick>
			<icon>$INFO[Window(Home).Property(RecentEpisode.8.Art(tvshow.poster))]</icon>
			<thumb>$INFO[Window(Home).Property(RecentEpisode.8.Art(thumb))]</thumb>
			<property name="Fanart">$INFO[Window(Home).Property(RecentEpisode.8.Art(tvshow.fanart))]</property>
			<property name="Poster">$INFO[Window(Home).Property(RecentEpisode.8.Art(tvshow.poster))]</property>
			<property name="Title">$INFO[Window(Home).Property(RecentEpisode.8.TVshowTitle)]</property>
			<property name="EpisodeTitle">$INFO[Window(Home).Property(RecentEpisode.8.Title)]</property>
			<property name="EpisodeNum">$INFO[Window(Home).Property(RecentEpisode.8.Episode)]</property>
			<property name="SeasonNum">$INFO[Window(Home).Property(RecentEpisode.8.Season)]</property>
			<property name="Rating">$INFO[Window(Home).Property(RecentEpisode.8.Rating)]</property>
			<property name="Plot">$INFO[Window(Home).Property(RecentEpisode.8.Plot)]</property>
		</item>
		<item id="9">
			<label>$INFO[Window.Property(RecentEpisode.9.Title)]</label>
			<onclick>$INFO[Window(Home).Property(RecentEpisode.9.Play)]</onclick>
			<icon>$INFO[Window(Home).Property(RecentEpisode.9.Art(tvshow.poster))]</icon>
			<thumb>$INFO[Window(Home).Property(RecentEpisode.9.Art(thumb))]</thumb>
			<property name="Fanart">$INFO[Window(Home).Property(RecentEpisode.9.Art(tvshow.fanart))]</property>
			<property name="Poster">$INFO[Window(Home).Property(RecentEpisode.9.Art(tvshow.poster))]</property>
			<property name="Title">$INFO[Window(Home).Property(RecentEpisode.9.TVshowTitle)]</property>
			<property name="EpisodeTitle">$INFO[Window(Home).Property(RecentEpisode.9.Title)]</property>
			<property name="EpisodeNum">$INFO[Window(Home).Property(RecentEpisode.9.Episode)]</property>
			<property name="SeasonNum">$INFO[Window(Home).Property(RecentEpisode.9.Season)]</property>
			<property name="Rating">$INFO[Window(Home).Property(RecentEpisode.9.Rating)]</property>
			<property name="Plot">$INFO[Window(Home).Property(RecentEpisode.9.Plot)]</property>
		</item>
		<item id="10">
			<label>$INFO[Window.Property(RecentEpisode.10.Title)]</label>
			<onclick>$INFO[Window(Home).Property(RecentEpisode.10.Play)]</onclick>
			<icon>$INFO[Window(Home).Property(RecentEpisode.10.Art(tvshow.poster))]</icon>
			<thumb>$INFO[Window(Home).Property(RecentEpisode.10.Art(thumb))]</thumb>
			<property name="Fanart">$INFO[Window(Home).Property(RecentEpisode.10.Art(tvshow.fanart))]</property>
			<property name="Poster">$INFO[Window(Home).Property(RecentEpisode.10.Art(tvshow.poster))]</property>
			<property name="Title">$INFO[Window(Home).Property(RecentEpisode.10.TVshowTitle)]</property>
			<property name="EpisodeTitle">$INFO[Window(Home).Property(RecentEpisode.10.Title)]</property>
			<property name="EpisodeNum">$INFO[Window(Home).Property(RecentEpisode.10.Episode)]</property>
			<property name="SeasonNum">$INFO[Window(Home).Property(RecentEpisode.10.Season)]</property>
			<property name="Rating">$INFO[Window(Home).Property(RecentEpisode.10.Rating)]</property>
			<property name="Plot">$INFO[Window(Home).Property(RecentEpisode.10.Plot)]</property>
		</item>
	</include>

	<!-- Recommended Episodes -->
	<include name="RecommendedEpisodeContent">
		<item id="1">
			<label>$INFO[Window.Property(RecommendedEpisode.1.Title)]</label>
			<onclick>$INFO[Window(Home).Property(RecommendedEpisode.1.Play)]</onclick>
			<icon>$INFO[Window(Home).Property(RecommendedEpisode.1.Art(tvshow.poster))]</icon>
			<thumb>$INFO[Window(Home).Property(RecommendedEpisode.1.Art(thumb))]</thumb>
			<property name="Fanart">$INFO[Window(Home).Property(RecommendedEpisode.1.Art(tvshow.fanart))]</property>
			<property name="Poster">$INFO[Window(Home).Property(RecommendedEpisode.1.Art(tvshow.poster))]</property>
			<property name="Title">$INFO[Window(Home).Property(RecommendedEpisode.1.TVshowTitle)]</property>
			<property name="EpisodeTitle">$INFO[Window(Home).Property(RecommendedEpisode.1.Title)]</property>
			<property name="EpisodeNum">$INFO[Window(Home).Property(RecommendedEpisode.1.Episode)]</property>
			<property name="SeasonNum">$INFO[Window(Home).Property(RecommendedEpisode.1.Season)]</property>
			<property name="Rating">$INFO[Window(Home).Property(RecommendedEpisode.1.Rating)]</property>
			<property name="Plot">$INFO[Window(Home).Property(RecommendedEpisode.1.Plot)]</property>
		</item>
		<item id="2">
			<label>$INFO[Window.Property(RecommendedEpisode.2.Title)]</label>
			<onclick>$INFO[Window(Home).Property(RecommendedEpisode.2.Play)]</onclick>
			<icon>$INFO[Window(Home).Property(RecommendedEpisode.2.Art(tvshow.poster))]</icon>
			<thumb>$INFO[Window(Home).Property(RecommendedEpisode.2.Art(thumb))]</thumb>
			<property name="Fanart">$INFO[Window(Home).Property(RecommendedEpisode.2.Art(tvshow.fanart))]</property>
			<property name="Poster">$INFO[Window(Home).Property(RecommendedEpisode.2.Art(tvshow.poster))]</property>
			<property name="Title">$INFO[Window(Home).Property(RecommendedEpisode.2.TVshowTitle)]</property>
			<property name="EpisodeTitle">$INFO[Window(Home).Property(RecommendedEpisode.2.Title)]</property>
			<property name="EpisodeNum">$INFO[Window(Home).Property(RecommendedEpisode.2.Episode)]</property>
			<property name="SeasonNum">$INFO[Window(Home).Property(RecommendedEpisode.2.Season)]</property>
			<property name="Rating">$INFO[Window(Home).Property(RecommendedEpisode.2.Rating)]</property>
			<property name="Plot">$INFO[Window(Home).Property(RecommendedEpisode.2.Plot)]</property>
		</item>
		<item id="3">
			<label>$INFO[Window.Property(RecommendedEpisode.3.Title)]</label>
			<onclick>$INFO[Window(Home).Property(RecommendedEpisode.3.Play)]</onclick>
			<icon>$INFO[Window(Home).Property(RecommendedEpisode.3.Art(tvshow.poster))]</icon>
			<thumb>$INFO[Window(Home).Property(RecommendedEpisode.3.Art(thumb))]</thumb>
			<property name="Fanart">$INFO[Window(Home).Property(RecommendedEpisode.3.Art(tvshow.fanart))]</property>
			<property name="Poster">$INFO[Window(Home).Property(RecommendedEpisode.3.Art(tvshow.poster))]</property>
			<property name="Title">$INFO[Window(Home).Property(RecommendedEpisode.3.TVshowTitle)]</property>
			<property name="EpisodeTitle">$INFO[Window(Home).Property(RecommendedEpisode.3.Title)]</property>
			<property name="EpisodeNum">$INFO[Window(Home).Property(RecommendedEpisode.3.Episode)]</property>
			<property name="SeasonNum">$INFO[Window(Home).Property(RecommendedEpisode.3.Season)]</property>
			<property name="Rating">$INFO[Window(Home).Property(RecommendedEpisode.3.Rating)]</property>
			<property name="Plot">$INFO[Window(Home).Property(RecommendedEpisode.3.Plot)]</property>
		</item>
		<item id="4">
			<label>$INFO[Window.Property(RecommendedEpisode.4.Title)]</label>
			<onclick>$INFO[Window(Home).Property(RecommendedEpisode.4.Play)]</onclick>
			<icon>$INFO[Window(Home).Property(RecommendedEpisode.4.Art(tvshow.poster))]</icon>
			<thumb>$INFO[Window(Home).Property(RecommendedEpisode.4.Art(thumb))]</thumb>
			<property name="Fanart">$INFO[Window(Home).Property(RecommendedEpisode.4.Art(tvshow.fanart))]</property>
			<property name="Poster">$INFO[Window(Home).Property(RecommendedEpisode.4.Art(tvshow.poster))]</property>
			<property name="Title">$INFO[Window(Home).Property(RecommendedEpisode.4.TVshowTitle)]</property>
			<property name="EpisodeTitle">$INFO[Window(Home).Property(RecommendedEpisode.4.Title)]</property>
			<property name="EpisodeNum">$INFO[Window(Home).Property(RecommendedEpisode.4.Episode)]</property>
			<property name="SeasonNum">$INFO[Window(Home).Property(RecommendedEpisode.4.Season)]</property>
			<property name="Rating">$INFO[Window(Home).Property(RecommendedEpisode.4.Rating)]</property>
			<property name="Plot">$INFO[Window(Home).Property(RecommendedEpisode.4.Plot)]</property>
		</item>
		<item id="5">
			<label>$INFO[Window.Property(RecommendedEpisode.5.Title)]</label>
			<onclick>$INFO[Window(Home).Property(RecommendedEpisode.5.Play)]</onclick>
			<icon>$INFO[Window(Home).Property(RecommendedEpisode.5.Art(tvshow.poster))]</icon>
			<thumb>$INFO[Window(Home).Property(RecommendedEpisode.5.Art(thumb))]</thumb>
			<property name="Fanart">$INFO[Window(Home).Property(RecommendedEpisode.5.Art(tvshow.fanart))]</property>
			<property name="Poster">$INFO[Window(Home).Property(RecommendedEpisode.5.Art(tvshow.poster))]</property>
			<property name="Title">$INFO[Window(Home).Property(RecommendedEpisode.5.TVshowTitle)]</property>
			<property name="EpisodeTitle">$INFO[Window(Home).Property(RecommendedEpisode.5.Title)]</property>
			<property name="EpisodeNum">$INFO[Window(Home).Property(RecommendedEpisode.5.Episode)]</property>
			<property name="SeasonNum">$INFO[Window(Home).Property(RecommendedEpisode.5.Season)]</property>
			<property name="Rating">$INFO[Window(Home).Property(RecommendedEpisode.5.Rating)]</property>
			<property name="Plot">$INFO[Window(Home).Property(RecommendedEpisode.5.Plot)]</property>
		</item>
		<item id="6">
			<label>$INFO[Window.Property(RecommendedEpisode.6.Title)]</label>
			<onclick>$INFO[Window(Home).Property(RecommendedEpisode.6.Play)]</onclick>
			<icon>$INFO[Window(Home).Property(RecommendedEpisode.6.Art(tvshow.poster))]</icon>
			<thumb>$INFO[Window(Home).Property(RecommendedEpisode.6.Art(thumb))]</thumb>
			<property name="Fanart">$INFO[Window(Home).Property(RecommendedEpisode.6.Art(tvshow.fanart))]</property>
			<property name="Poster">$INFO[Window(Home).Property(RecommendedEpisode.6.Art(tvshow.poster))]</property>
			<property name="Title">$INFO[Window(Home).Property(RecommendedEpisode.6.TVshowTitle)]</property>
			<property name="EpisodeTitle">$INFO[Window(Home).Property(RecommendedEpisode.6.Title)]</property>
			<property name="EpisodeNum">$INFO[Window(Home).Property(RecommendedEpisode.6.Episode)]</property>
			<property name="SeasonNum">$INFO[Window(Home).Property(RecommendedEpisode.6.Season)]</property>
			<property name="Rating">$INFO[Window(Home).Property(RecommendedEpisode.6.Rating)]</property>
			<property name="Plot">$INFO[Window(Home).Property(RecommendedEpisode.6.Plot)]</property>
		</item>
		<item id="7">
			<label>$INFO[Window.Property(RecommendedEpisode.7.Title)]</label>
			<onclick>$INFO[Window(Home).Property(RecommendedEpisode.7.Play)]</onclick>
			<icon>$INFO[Window(Home).Property(RecommendedEpisode.7.Art(tvshow.poster))]</icon>
			<thumb>$INFO[Window(Home).Property(RecommendedEpisode.7.Art(thumb))]</thumb>
			<property name="Fanart">$INFO[Window(Home).Property(RecommendedEpisode.7.Art(tvshow.fanart))]</property>
			<property name="Poster">$INFO[Window(Home).Property(RecommendedEpisode.7.Art(tvshow.poster))]</property>
			<property name="Title">$INFO[Window(Home).Property(RecommendedEpisode.7.TVshowTitle)]</property>
			<property name="EpisodeTitle">$INFO[Window(Home).Property(RecommendedEpisode.7.Title)]</property>
			<property name="EpisodeNum">$INFO[Window(Home).Property(RecommendedEpisode.7.Episode)]</property>
			<property name="SeasonNum">$INFO[Window(Home).Property(RecommendedEpisode.7.Season)]</property>
			<property name="Rating">$INFO[Window(Home).Property(RecommendedEpisode.7.Rating)]</property>
			<property name="Plot">$INFO[Window(Home).Property(RecommendedEpisode.7.Plot)]</property>
		</item>
		<item id="8">
			<label>$INFO[Window.Property(RecommendedEpisode.8.Title)]</label>
			<onclick>$INFO[Window(Home).Property(RecommendedEpisode.8.Play)]</onclick>
			<icon>$INFO[Window(Home).Property(RecommendedEpisode.8.Art(tvshow.poster))]</icon>
			<thumb>$INFO[Window(Home).Property(RecommendedEpisode.8.Art(thumb))]</thumb>
			<property name="Fanart">$INFO[Window(Home).Property(RecommendedEpisode.8.Art(tvshow.fanart))]</property>
			<property name="Poster">$INFO[Window(Home).Property(RecommendedEpisode.8.Art(tvshow.poster))]</property>
			<property name="Title">$INFO[Window(Home).Property(RecommendedEpisode.8.TVshowTitle)]</property>
			<property name="EpisodeTitle">$INFO[Window(Home).Property(RecommendedEpisode.8.Title)]</property>
			<property name="EpisodeNum">$INFO[Window(Home).Property(RecommendedEpisode.8.Episode)]</property>
			<property name="SeasonNum">$INFO[Window(Home).Property(RecommendedEpisode.8.Season)]</property>
			<property name="Rating">$INFO[Window(Home).Property(RecommendedEpisode.8.Rating)]</property>
			<property name="Plot">$INFO[Window(Home).Property(RecommendedEpisode.8.Plot)]</property>
		</item>
		<item id="9">
			<label>$INFO[Window.Property(RecommendedEpisode.9.Title)]</label>
			<onclick>$INFO[Window(Home).Property(RecommendedEpisode.9.Play)]</onclick>
			<icon>$INFO[Window(Home).Property(RecommendedEpisode.9.Art(tvshow.poster))]</icon>
			<thumb>$INFO[Window(Home).Property(RecommendedEpisode.9.Art(thumb))]</thumb>
			<property name="Fanart">$INFO[Window(Home).Property(RecommendedEpisode.9.Art(tvshow.fanart))]</property>
			<property name="Poster">$INFO[Window(Home).Property(RecommendedEpisode.9.Art(tvshow.poster))]</property>
			<property name="Title">$INFO[Window(Home).Property(RecommendedEpisode.9.TVshowTitle)]</property>
			<property name="EpisodeTitle">$INFO[Window(Home).Property(RecommendedEpisode.9.Title)]</property>
			<property name="EpisodeNum">$INFO[Window(Home).Property(RecommendedEpisode.9.Episode)]</property>
			<property name="SeasonNum">$INFO[Window(Home).Property(RecommendedEpisode.9.Season)]</property>
			<property name="Rating">$INFO[Window(Home).Property(RecommendedEpisode.9.Rating)]</property>
			<property name="Plot">$INFO[Window(Home).Property(RecommendedEpisode.9.Plot)]</property>
		</item>
		<item id="10">
			<label>$INFO[Window.Property(RecommendedEpisode.10.Title)]</label>
			<onclick>$INFO[Window(Home).Property(RecommendedEpisode.10.Play)]</onclick>
			<icon>$INFO[Window(Home).Property(RecommendedEpisode.10.Art(tvshow.poster))]</icon>
			<thumb>$INFO[Window(Home).Property(RecommendedEpisode.10.Art(thumb))]</thumb>
			<property name="Fanart">$INFO[Window(Home).Property(RecommendedEpisode.10.Art(tvshow.fanart))]</property>
			<property name="Poster">$INFO[Window(Home).Property(RecommendedEpisode.10.Art(tvshow.poster))]</property>
			<property name="Title">$INFO[Window(Home).Property(RecommendedEpisode.10.TVshowTitle)]</property>
			<property name="EpisodeTitle">$INFO[Window(Home).Property(RecommendedEpisode.10.Title)]</property>
			<property name="EpisodeNum">$INFO[Window(Home).Property(RecommendedEpisode.10.Episode)]</property>
			<property name="SeasonNum">$INFO[Window(Home).Property(RecommendedEpisode.10.Season)]</property>
			<property name="Rating">$INFO[Window(Home).Property(RecommendedEpisode.10.Rating)]</property>
			<property name="Plot">$INFO[Window(Home).Property(RecommendedEpisode.10.Plot)]</property>
		</item>
	</include>
	
	<!-- Video Add-ons -->
	<include name="VideoAddonsContent">
		<item id="1">
			<label>$INFO[system.addontitle(Skin.String(HomeVideosButton1))]</label>
			<onclick>RunAddon($INFO[Skin.String(HomeVideosButton1)])</onclick>
			<icon>$INFO[system.addonicon(Skin.String(HomeVideosButton1))]</icon>
			<visible>!IsEmpty(Skin.String(HomeVideosButton1))</visible>
			<thumb>-</thumb>
		</item>
		<item id="2">
			<label>$INFO[system.addontitle(Skin.String(HomeVideosButton2))]</label>
			<onclick>RunAddon($INFO[Skin.String(HomeVideosButton2)])</onclick>
			<icon>$INFO[system.addonicon(Skin.String(HomeVideosButton2))]</icon>
			<visible>!IsEmpty(Skin.String(HomeVideosButton2))</visible>
			<thumb>-</thumb>
		</item>
		<item id="3">
			<label>$INFO[system.addontitle(Skin.String(HomeVideosButton3))]</label>
			<onclick>RunAddon($INFO[Skin.String(HomeVideosButton3)])</onclick>
			<icon>$INFO[system.addonicon(Skin.String(HomeVideosButton3))]</icon>
			<visible>!IsEmpty(Skin.String(HomeVideosButton3))</visible>
			<thumb>-</thumb>
		</item>
		<item id="4">
			<label>$INFO[system.addontitle(Skin.String(HomeVideosButton4))]</label>
			<onclick>RunAddon($INFO[Skin.String(HomeVideosButton4)])</onclick>
			<icon>$INFO[system.addonicon(Skin.String(HomeVideosButton4))]</icon>
			<visible>!IsEmpty(Skin.String(HomeVideosButton4))</visible>
			<thumb>-</thumb>
		</item>
		<item id="5">
			<label>$INFO[system.addontitle(Skin.String(HomeVideosButton5))]</label>
			<onclick>RunAddon($INFO[Skin.String(HomeVideosButton5)])</onclick>
			<icon>$INFO[system.addonicon(Skin.String(HomeVideosButton5))]</icon>
			<visible>!IsEmpty(Skin.String(HomeVideosButton5))</visible>
			<thumb>-</thumb>
		</item>
	</include>	

</includes>