﻿<?xml version="1.0" encoding="utf-8"?>
<includes>
	<include name="TVMenu">
		<control type="image">
			<description>background image</description>
			<posx>0</posx>
			<posy>0</posy>
			<width>250</width>
			<height>720</height>
			<include>dialogWindow</include>
			<visible allowhiddenfocus="true">ControlGroup(6000).HasFocus()</visible>
			<animation effect="Slide" start="-250" end="0" time="350" delay="600" tween="quadratic">Visible</animation>
			<animation effect="Slide" start="0" end="-250" time="350" tween="quadratic">Hidden</animation>
		</control>
		<control type="grouplist" id="6000">
			<posx>20</posx>
			<posy>150</posy>
			<width>240</width>
			<height>382</height>
			<onright>50</onright>
			<itemgap>0</itemgap>
			<orientation>vertical</orientation>
			<defaultcontrol always="true">45</defaultcontrol>
			<visible allowhiddenfocus="true">ControlGroup(6000).HasFocus()</visible>			
			<animation effect="Slide" start="-250" end="0" time="350" delay="600" tween="quadratic">Visible</animation>
			<animation effect="Slide" start="0" end="-250" time="350" tween="quadratic">Hidden</animation>
			<!-- Video Background -->
			<control type="group">
				<width>100</width>
				<height>40</height>
				<control type="radiobutton" id="45">
					<description>Video Background</description>
					<onup>36</onup>
					<ondown>31</ondown>
					<onright>50</onright>
					<align>left</align>
					<label>Video Background</label>
					<onclick>Skin.ToggleSetting(EPGVideoBackground)</onclick>
					<selected>Skin.HasSetting(EPGVideoBackground)</selected>
				</control>
			</control>
			<!-- tv guide -->
			<control type="group">
				<width>100</width>
				<height>40</height>
				<control type="button" id="31">
					<label>$LOCALIZE[19029]</label>
					<onup>45</onup>
					<ondown>32</ondown>
					<onright>50</onright>
				</control>
			</control>
			<!-- tv channels -->
			<control type="group">
				<width>100</width>
				<height>40</height>
				<control type="button" id="32">
					<label>$LOCALIZE[19023]</label>
					<onup>31</onup>
					<ondown>33</ondown>
					<onright>50</onright>
				</control>
			</control>
			<!-- radio channels -->
			<control type="group">
				<width>100</width>
				<height>40</height>
				<control type="button" id="33">
					<label>$LOCALIZE[19024]</label>
					<onup>32</onup>
					<ondown>34</ondown>
					<onright>50</onright>
				</control>
			</control>
			<!-- recordings -->
			<control type="group">
				<width>100</width>
				<height>40</height>
				<control type="button" id="34">
					<label>$LOCALIZE[19163]</label>
					<onup>33</onup>
					<ondown>35</ondown>
					<onright>50</onright>
				</control>
			</control>
			<!-- timers -->
			<control type="group">
				<width>100</width>
				<height>40</height>
				<control type="button" id="35">
					<label>$LOCALIZE[31085]</label>
					<onup>34</onup>
					<ondown>36</ondown>
					<onright>50</onright>
				</control>
			</control>
			<!-- search -->
			<control type="group">
				<width>100</width>
				<height>40</height>
				<control type="button" id="36">
					<label>$LOCALIZE[137]</label>
					<onup>35</onup>
					<ondown>45</ondown>
					<onright>50</onright>
				</control>
			</control>
		</control>
	</include>
</includes>