﻿<?xml version="1.0" encoding="UTF-8"?>
<window id="2903">
    <defaultcontrol always="true">2</defaultcontrol>
    <allowoverlay>yes</allowoverlay>
    <controls>
        <control type="group">
            <posx>125r</posx>
            <posy>630</posy>
			<include>fadeinout</include>
            <control type="group">
                <visible>!Window.IsActive(visualisation) + !Window.IsActive(karaoke) + !Window.IsActive(infodialog)</visible>
                <control type="image">
                    <posx>-125</posx>
                    <posy>0</posy>
                    <width>250</width>
                    <height>60</height>
                    <texture>backgrounds/BG_White.png</texture>
					<colordiffuse>Base</colordiffuse>
                </control>
                <control type="label">
					<description>Now Playing</description>
                    <posx>-100</posx>
                    <posy>-5</posy>
                    <width>200</width>
                    <label>[COLOR=Accent]$LOCALIZE[13350][/COLOR]</label>
					<font>SmallLow</font>
                    <scroll>true</scroll>
					<align>center</align>
                </control>
                <control type="label">
                    <description>Now Playing Info</description>
                    <posx>-115</posx>
                    <posy>23</posy>
                    <width>230</width>
                    <label>[COLOR=Accent]$INFO[MusicPlayer.Artist][/COLOR] - $INFO[MusicPlayer.Title]</label>
                    <font>XSmall</font>
                    <scroll>true</scroll>
					<align>center</align>
                </control>
            </control>
        </control>
    </controls>
</window>