﻿<?xml version="1.0" encoding="UTF-8"?>
<window id="2600">
    <defaultcontrol always="true">9000</defaultcontrol>
    <allowoverlay>yes</allowoverlay>
    <controls>
        <include>FanartBackground</include>
        <control type="group">
            <posx>280</posx>
            <posy>80</posy>
            <control type="image">
                <posx>-20</posx>
                <posy>-20</posy>
                <width>400</width>
                <height>300</height>
                <texture>backgrounds/BG_White.png</texture>
				<colordiffuse>Base</colordiffuse>
            </control>
			<control type="label">
                <description>Day 0 Label</description>
                <posx>0</posx>
                <posy>0</posy>
                <width>360</width>
                <label>$INFO[Window(Weather).Property(Day0.Title)]</label>
                <font>Large</font>
                <align>center</align>
            </control>
            <control type="image">
                <description>Day 0 Icon</description>
                <posx>120</posx>
                <posy>75</posy>
                <height>100</height>
                <width>100</width>
                <texture>$INFO[Window(weather).Property(Day0.FanartCode),special://skin/extras/weather_icon/,.png]</texture>
            </control>
            <control type="label">
                <description>Day 0 Temp</description>
                <posx>0</posx>
                <posy>201</posy>
                <width>360</width>
                <label>[COLOR=Red]$INFO[Window(Weather).Property(Day0.HighTemp)]$INFO[System.TemperatureUnits][/COLOR] / [COLOR=Blue]$INFO[Window(Weather).Property(Day0.LowTemp)]$INFO[System.TemperatureUnits][/COLOR]</label>
                <font>Large</font>
                <align>center</align>
            </control>
			<control type="label">
                <description>Day 0 Outlook</description>
                <posx>0</posx>
                <posy>240</posy>
                <width>360</width>
                <label>$INFO[Window(weather).Property(Day0.Outlook)]</label>
                <font>Medium</font>
                <align>center</align>
            </control>
        </control>
        <control type="group">
            <posx>700</posx>
            <posy>80</posy>
            <control type="image">
                <posx>-20</posx>
                <posy>-20</posy>
                <width>400</width>
                <height>300</height>
                <texture>backgrounds/BG_White.png</texture>
				<colordiffuse>Base</colordiffuse>
            </control>
            <control type="label">
                <description>Day 1 Label</description>
                <posx>0</posx>
                <posy>0</posy>
                <width>360</width>
                <label>$INFO[Window(Weather).Property(Day1.Title)]</label>
                <font>Large</font>
                <align>center</align>
            </control>
            <control type="image">
                <description>Day 1 Icon</description>
                <posx>120</posx>
                <posy>75</posy>
                <height>100</height>
                <width>100</width>
                <texture>$INFO[Window(weather).Property(Day1.FanartCode),special://skin/extras/weather_icon/,.png]</texture>
            </control>
            <control type="label">
                <description>Day 1 Temp</description>
                <posx>0</posx>
                <posy>201</posy>
                <width>360</width>
                <label>[COLOR=Red]$INFO[Window(Weather).Property(Day1.HighTemp)]$INFO[System.TemperatureUnits][/COLOR] / [COLOR=Blue]$INFO[Window(Weather).Property(Day1.LowTemp)]$INFO[System.TemperatureUnits][/COLOR]</label>
                <font>Large</font>
                <align>center</align>
            </control>
			<control type="label">
                <description>Day 1 Outlook</description>
                <posx>0</posx>
                <posy>240</posy>
                <width>360</width>
                <label>$INFO[Window(weather).Property(Day1.Outlook)]</label>
                <font>Medium</font>
                <align>center</align>
            </control>
        </control>
        <control type="group">
            <posx>280</posx>
            <posy>390</posy>
            <control type="image">
                <posx>-20</posx>
                <posy>-20</posy>
                <width>400</width>
                <height>300</height>
                <texture>backgrounds/BG_White.png</texture>
				<colordiffuse>Base</colordiffuse>
            </control>
            <control type="label">
                <description>Day 2 Label</description>
                <posx>0</posx>
                <posy>0</posy>
                <width>360</width>
                <label>$INFO[Window(Weather).Property(Day2.Title)]</label>
                <font>Large</font>
                <align>center</align>
            </control>
            <control type="image">
                <description>Day 2 Icon</description>
                <posx>120</posx>
                <posy>75</posy>
                <height>100</height>
                <width>100</width>
                <texture>$INFO[Window(weather).Property(Day2.FanartCode),special://skin/extras/weather_icon/,.png]</texture>
            </control>
            <control type="label">
                <description>Day 2 Temp</description>
                <posx>0</posx>
                <posy>201</posy>
                <width>360</width>
                <label>[COLOR=Red]$INFO[Window(Weather).Property(Day2.HighTemp)]$INFO[System.TemperatureUnits][/COLOR] / [COLOR=Blue]$INFO[Window(Weather).Property(Day2.LowTemp)]$INFO[System.TemperatureUnits][/COLOR]</label>
                <font>Large</font>
                <align>center</align>
            </control>
			<control type="label">
                <description>Day 2 Outlook</description>
                <posx>0</posx>
                <posy>240</posy>
                <width>360</width>
                <label>$INFO[Window(weather).Property(Day2.Outlook)]</label>
                <font>Medium</font>
                <align>center</align>
            </control>
        </control>
        <control type="group">
            <posx>700</posx>
            <posy>390</posy>
            <control type="image">
                <posx>-20</posx>
                <posy>-20</posy>
                <width>400</width>
                <height>300</height>
                <texture>backgrounds/BG_White.png</texture>
				<colordiffuse>Base</colordiffuse>
            </control>
            <control type="label">
                <description>Day 3 Label</description>
                <posx>0</posx>
                <posy>0</posy>
                <width>360</width>
                <label>$INFO[Window(Weather).Property(Day3.Title)]</label>
                <font>Large</font>
                <align>center</align>
            </control>
            <control type="image">
                <description>Day 3 Icon</description>
                <posx>120</posx>
                <posy>75</posy>
                <height>100</height>
                <width>100</width>
                <texture>$INFO[Window(weather).Property(Day3.FanartCode),special://skin/extras/weather_icon/,.png]</texture>
            </control>
            <control type="label">
                <description>Day 3 Temp</description>
                <posx>0</posx>
                <posy>201</posy>
                <width>360</width>
                <label>[COLOR=Red]$INFO[Window(Weather).Property(Day3.HighTemp)]$INFO[System.TemperatureUnits][/COLOR] / [COLOR=Blue]$INFO[Window(Weather).Property(Day3.LowTemp)]$INFO[System.TemperatureUnits][/COLOR]</label>
                <font>Large</font>
                <align>center</align>
            </control>
			<control type="label">
                <description>Day 3 Outlook</description>
                <posx>0</posx>
                <posy>240</posy>
                <width>360</width>
                <label>$INFO[Window(weather).Property(Day3.Outlook)]</label>
                <font>Medium</font>
                <align>center</align>
            </control>
        </control>
        <control type="grouplist" id="9000">
            <posx>10</posx>
            <posy>140</posy>
            <width>220</width>
            <height>600</height>
            <itemgap>2</itemgap>
            <onleft>-</onleft>
            <onright>-</onright>
            <onup>9000</onup>
            <ondown>9000</ondown>
            <orientation>vertical</orientation>
            <control type="button" id="2">
                <description>Refresh</description>
                <label>184</label>
                <width>220</width>
                <align>left</align>
            </control>
            <control type="button" id="4">
                <description>Settings</description>
                <label>5</label>
                <width>220</width>
                <align>left</align>
                <onclick>ActivateWindow(weathersettings)</onclick>
            </control>
            <control type="spincontrolex" id="3">
                <description>Location Select</description>
				<label>Location</label>
                <width>220</width>
				<align>left</align>
            </control>
        </control>
        <control type="label">
            <description>Location Label</description>
            <posx>390</posx>
            <posy>10</posy>
            <width>500</width>
			<align>center</align>
			<font>Title</font>
			<textcolor>Title</textcolor>
            <label>$INFO[Control.GetLabel(3)]</label>
        </control>
    </controls>
</window>