﻿<?xml version="1.0" encoding="UTF-8"?>
<!-- Foundation -->
<window id="105">
    <allowoverlay>yes</allowoverlay>
    <controls>
        <control type="image" id="1">
            <description>Pointer</description>
            <width>30</width>
            <height>30</height>
            <texture>other_textures/PointerNF.png</texture>
        </control>
        <control type="image" id="2">
            <description>Pointer Focus</description>
            <width>30</width>
            <height>30</height>
            <texture>other_textures/PointerFo.png</texture>
        </control>
        <control type="image" id="3">
            <description>Pointer Drag</description>
            <width>30</width>
            <height>30</height>
            <texture>other_textures/PointerDrag.png</texture>
        </control>
        <control type="image" id="4">
            <description>pointer_click</description>
            <width>30</width>
            <height>30</height>
            <texture>other_textures/PointerClick.png</texture>
        </control>
    </controls>
</window>