﻿<?xml version="1.0" encoding="UTF-8"?>
<window id="34">
    <defaultcontrol always="true">4</defaultcontrol>
    <allowoverlay>yes</allowoverlay>
    <controls>
        <include>GlobalBackground</include>
        <control type="group">
            <posx>340</posx>
            <posy>140</posy>
			<animation type="Conditional" condition="Player.HasVideo">
				<effect type="slide" start="0,0" end="0,-75" time="350" tween="quadratic" />
			</animation>
            <control type="image">
                <posx>-20</posx>
                <posy>-20</posy>
                <width>640</width>
                <height>496</height>
                <include>dialogWindow</include>
            </control>
            <control type="radiobutton" id="4">
                <description>Enable Login Screen</description>
                <posx>10</posx>
                <posy>36</posy>
                <width>580</width>
                <label>20096</label>
                <align>left</align>
                <onright>-</onright>
                <onleft>-</onleft>
                <onup>-</onup>
                <ondown>2</ondown>
            </control>
            <control type="list" id="2">
                <posx>10</posx>
                <posy>106</posy>
                <width>580</width>
                <height>322</height>
                <onleft>-</onleft>
                <onright>-</onright>
                <onup>4</onup>
                <ondown>-</ondown>
                <itemlayout height="44">
                    <control type="image">
                        <width>580</width>
                        <height>44</height>
                        <texture border="1">buttons/ButtonNF.png</texture>
                    </control>
                    <control type="label">
                        <posx>13</posx>
                        <width>540</width>
                        <info>ListItem.Label</info>
                    </control>
                    <control type="label">
                        <posx>567</posx>
                        <width>540</width>
                        <align>right</align>
                        <info>ListItem.Label2</info>
                    </control>
                </itemlayout>
                <focusedlayout height="46">
                    <control type="image">
                        <width>580</width>
                        <height>44</height>
                        <texture border="3">buttons/ButtonFO.png</texture>
                        <animation effect="fade" start="100" end="50" condition="!Control.HasFocus(2)">Conditional</animation>
                    </control>
                    <control type="label">
                        <posx>13</posx>
                        <width>540</width>
                        <info>ListItem.Label</info>
						<textcolor>Focused</textcolor>
                    </control>
                    <control type="label">
                        <posx>567</posx>
                        <width>540</width>
                        <align>right</align>
                        <info>ListItem.Label2</info>
						<textcolor>Focused</textcolor>
                    </control>
                </focusedlayout>
            </control>
        </control>
    </controls>
</window>