﻿<?xml version="1.0" encoding="UTF-8"?>
<!-- Foundation -->
<window id="129">
    <defaultcontrol always="true">9001</defaultcontrol>
    <allowoverlay>no</allowoverlay>
    <controls>
        <include>GlobalOverlay</include>
        <control type="group">
            <posx>240</posx>
            <posy>220</posy>
            <control type="image">
                <description>background image</description>
                <posx>-20</posx>
                <posy>-20</posy>
                <width>840</width>
                <height>320</height>
                <texture border="27">other_textures/ContentPanel.png</texture>
            </control>
            <control type="label">
                <description>header label</description>
                <posx>20</posx>
                <posy>18</posy>
                <width>760</width>
                <font>Medium</font>
                <align>center</align>
                <label>21421</label>
            </control>
            <control type="label">
                <description>Rule match label</description>
                <posx>40</posx>
                <posy>50</posy>
                <width>720</width>
                <align>center</align>
                <textcolor>blue</textcolor>
                <label>21422</label>
            </control>
            <control type="group" id="9001">
                <control type="spincontrolex" id="15">
                    <description>Rule Field</description>
                    <posx>10</posx>
                    <posy>100</posy>
                    <width>375</width>
                    <font>-</font>
                    <onright>16</onright>
                    <onleft>16</onleft>
                    <onup>9000</onup>
                    <ondown>17</ondown>
                </control>
                <control type="label">
                    <description>Rule Field label</description>
                    <posx>20</posx>
                    <posy>100</posy>
                    <width>300</width>
                    <label>$INFO[Control.GetLabel(15)]</label>
                </control>
                <control type="spincontrolex" id="16">
                    <description>Rule operator</description>
                    <posx>415</posx>
                    <posy>100</posy>
                    <width>375</width>
                    <font>-</font>
                    <onright>15</onright>
                    <onleft>15</onleft>
                    <onup>9000</onup>
                    <ondown>17</ondown>
                </control>
                <control type="label">
                    <description>Rule Field label</description>
                    <posx>425</posx>
                    <posy>100</posy>
                    <width>200</width>
                    <label>$INFO[Control.GetLabel(16)]</label>
                </control>
            </control>
            <control type="button" id="17">
                <description>Value Button</description>
                <posx>20</posx>
                <posy>156</posy>
                <width>585</width>
                <label>-</label>
                <onup>9001</onup>
                <onleft>20</onleft>
                <onright>20</onright>
                <ondown>9000</ondown>
            </control>
            <control type="button" id="20">
                <description>Browse Button</description>
                <posx>610</posx>
                <posy>156</posy>
                <width>170</width>
                <label>1024</label>
                <onup>9001</onup>
                <onleft>17</onleft>
                <onright>17</onright>
                <ondown>9000</ondown>
            </control>
            <control type="group" id="9000">
                <control type="button" id="18">
                    <description>Ok Button</description>
                    <posx>185</posx>
                    <posy>225</posy>
                    <width>200</width>
                    <label>186</label>
                    <onup>17</onup>
                    <onleft>19</onleft>
                    <onright>19</onright>
                    <ondown>9001</ondown>
                </control>
                <control type="button" id="19">
                    <description>Cancel Button</description>
                    <posx>415</posx>
                    <posy>225</posy>
                    <width>200</width>
                    <label>222</label>
                    <onup>17</onup>
                    <onleft>18</onleft>
                    <onright>19</onright>
                    <ondown>9001</ondown>
                </control>
            </control>
        </control>
    </controls>
</window>