﻿<?xml version="1.0" encoding="UTF-8"?>

<window id="123">
    <defaultcontrol always="true">5</defaultcontrol>
    <allowoverlay>yes</allowoverlay>
    <controls>
        <control type="group">
            <posx>340</posx>
            <posy>40</posy>
            <animation effect="fade" start="100" end="0" time="400" condition="Window.IsVisible(SliderDialog) | Window.IsVisible(FileBrowser)">Conditional</animation>
            <control type="image">
				<description>Background</description>
				<posx>20</posx>
				<posy>-</posy>
				<width>560</width>
				<height>600</height>
				<include>OSDWindow</include>
			</control>	
			<control type="label" id="2">
                <description>Settings</description>
                <width>600</width>
                <include>dialog_Windowtitle</include>
            </control>
            <control type="grouplist" id="5">
                <description>Control Area</description>
                <posx>40</posx>
                <posy>60</posy>
                <width>520</width>
                <height>480</height>
                <itemgap>0</itemgap>
                <orientation>vertical</orientation>
                <pagecontrol>60</pagecontrol>
                <onleft>-</onleft>
                <onright>-</onright>
                <onup>5</onup>
                <ondown>5</ondown>
            </control>
            <control type="button" id="7">
                <description>Default Button</description>
                <align>left</align>
            </control>
            <control type="radiobutton" id="8">
                <description>Default RadioButton</description>
                <align>left</align>
            </control>
            <control type="spincontrolex" id="9">
                <description>Default spincontrolex</description>
                <align>left</align>
                <reverse>yes</reverse>
            </control>
            <control type="sliderex" id="10">
                <description>Default Slider</description>
                <align>left</align>
            </control>
        </control>
    </controls>
</window>