<?xml version="1.0" encoding="UTF-8"?>
<addon
	id="skin.EX-BXX"
	version="0.0.1"
	name="EX-BXX"
	provider-name="T-Magnus">
	<requires>
		<import addon="xbmc.gui" version="4.0.0"/>
		<import addon="service.skin.widgets" version="0.0.19"/>
		<import addon="script.tv.show.next.aired" version="5.0.5"/>
		<import addon="script.globalsearch" version="1.1.1"/>
	</requires>
	<extension point="xbmc.gui.skin" defaultthemename="textures.xbt" debugging="false" effectslowdown="0.75">
		<res width="1280" height="720" aspect="16:9" default="true" folder="720p" />
	</extension>
	<extension point="xbmc.addon.metadata">
		<platform>all</platform>
		<summary>Created by T-Magnus / Thanks to Hitcher for his Foundation skin and Alaska HD.</summary>
		<description>EX-BXX is the working title for this skin</description>
	</extension>
</addon>