<?xml version="1.0" encoding="UTF-8"?>
<colors>
	<color name="Black">FF000000</color>
	<color name="LTGrey">FFcccccc</color>
	<color name="MEDGrey">FFaaaaaa</color>
	<color name="DarkGrey">FF474747</color>
	<color name="White">FFFFFFFF</color>
	<color name="Red">FFFF0000</color>
	<color name="Blue">FF16A2ED</color>
	<color name="Green">FF96BB20</color>
	<color name="Orange">FFE99204</color>
	<color name="Accent">ff96BB20</color>

	<color name="Base">FFFF0000</color>
	<color name="BaseButton">FFFF0000</color>
	<color name="Base2">FFFF0000</color>
	<color name="BaseSubmenuNF">FFFF0000</color>
	<color name="BaseSubmenuFO">FFFF0000</color>
	<color name="BaseSubmenu2FO">FFFF0000</color>
	
<!--Global Colors-->
	<color name="Plot">FFeaeaea</color>
	<color name="Rating">FFffffff</color>
	<color name="Title">FFffffff</color>
	<color name="SubTitle">FFeaeaea</color>
	<color name="SubTitleDark">FF333333</color>	
	<color name="IconOverlay">FF474747</color>
	<color name="IconOverlayLight">FFcccccc</color>
	<color name="NoVideoIcon">19ffffff</color>
	<color name="TVStationIconDiffuse">80ffffff</color>
	<color name="ViewsNF">80ffffff</color>
	<color name="SettingsHint">FF333333</color>
	<color name="DropShadow">BF333333</color>
	<color name="Cloud">FF333333</color>	
	
<!--Dialog\OSD Colors-->
	<color name="DialogBackground">ff333333</color>
	<color name="OSDBackground">DD333333</color>
	<!--Text-->
	<color name="Dialog">FFffffff</color>
	<color name="DialogTitle">ffc7f064</color>
	<color name="DialogSubTitle">FFf0f0f0</color>
	<color name="OSDText">80000000</color>
	
<!--Button Colors-->
	<color name="ButtonDisabled">40F0F0F0</color>
	<color name="ButtonFO">FFcccccc</color>
	<color name="ButtonNF">FF474747</color>
	<color name="BigButtonDisabled">40F0F0F0</color>
	<color name="BigButtonFO">FFffffff</color>
	<color name="BigButtonNF">FF333333</color>
	<!--Text-->
	<color name="Label">BFFFFFFF</color>
	<color name="Selected">FF474747</color>
	<color name="Disabled">40FFFFFF</color>
	<color name="Focused">FF474747</color>
	
<!--Home/Submenu Colors-->
	<color name="SubmenuDisabled">40F0F0F0</color>
	<color name="SubmenuNF">40F0F0F0</color>
	<color name="SubmenuFO">32222222</color>
	<!--Text-->
	<color name="SubmenuLabel">EE474747</color>
	<color name="SubmenuSelected">FF474747</color>
	<color name="SubmenuDisabled">40ffffff</color>
	<color name="SubmenuFocused">FFffffff</color>
	<color name="SubmenuPlot">FFffffff</color>
	<color name="MenuFO">FF96BB20</color>
	<color name="MenuNF">FFffffff</color>

<!--EPG-->
	<color name="EPGChannelColumn">80151515</color> <!-- 40FFFFFF -->
	<color name="EPGChannelColumnFO">FF999999</color> <!-- 40FFFFFF -->
	<color name="EPGProgramColumn">80222222</color> <!-- 26FFFFFF -->
	<color name="EPGProgramColumnFO">26333333</color> <!-- 26FFFFFF -->
	<color name="EPGBackground">80333333</color>
	<color name="EPGDiffuse">ffaaaaaa</color>
	<!--text-->
	<color name="EPGHeader">FFFFFFFF</color>
	<color name="EPGSelected">FFc7f064</color>
	<color name="EPGChannel">FFFFFFFF</color>
	<color name="EPGChannelFO">FFFFFFFF</color>
	<color name="EPGProgram">FFeaeaea</color>
	<color name="EPGProgramFO">BFffffff</color>
	<color name="EPGTitle">FFFFFFFF</color>
	<color name="EPGSubtitle">ffc7f064</color>
	<color name="EPGPlot">FFeaeaea</color>

<!--Weather-->
	<color name="WeatherTitle">FFffffff</color>
	<color name="WeatherSubTitle">FF8c8c8c</color>
	<color name="WeatherText">FFf0f0f0</color>
	<color name="WeatherText2">FFffffff</color>

<!--Time\Date-->
	<color name="HomeTime">FFFFFFFF</color>
	<color name="HomeDate">FFFFFFFF</color>
	<color name="GlobalTime">FF66ccff</color>
	<color name="GlobalDate">DDd1d1d1</color>
	
	
<!--Background colors-->
	<color name="SolidBackground">FFfafafa</color>
	<color name="NoFocusDiffuse">FFEFEFEF</color>
	<color name="RSSBackground">40474747</color>

<!--ColorDiffuse-->	
	<color name="WeatherDiffuse">BF333333</color>
	<color name="WeatherDiffuse2">FFffffff</color>
	<color name="FanartDiffuse">-</color>
	<color name="VideoDiffuse">-</color>
	
</colors>

<!--Opacities
10%		19
15%		26
20%		32
25%		40
40%		66
50%     80
60%		99
75%		BF
87%     DD
93%     EE
100%	FF
					COLORS
					<color name="Color2">ff6aa6cb</color> light Blue (baby)
					<color name="MenuFocus">FFff00cc</color> Pink
					<color name="column3">dd0c2134</color> Dark Blue
					<color name="column2">ff2d5a83</color> Med Blue
					<color name="column3">dd266172</color> My Med Blue
	                E99204 - Bright Orange
					96BB20 - Bright Green
					16A2ED - Bright Blue
					0066cc - Windows 8 Med blue (bright)
					66CCFF - Light Blue
					0a9600 - Tech Crunch Green
					c7f064 - Chartruse
					d042f7 - Patri Purple
					
					TechNet Newsletter
					7fba00 Medium Green
					00188f Royal Blue
					00bcf2 Bright Lite Blue
					
-->